feature,coef_lasso,coef_lm,coef_h30
E,0.0349764481185927,0.0353592572156799,0.0370842278582369
L,-0.0436485281255406,-0.0455975532669682,-0.043636559062628
F,-0.0550640050220755,-0.0583631413687491,-0.0534077747637126
I,-0.0509181447956396,-0.0524238762243722,-0.05167576294704
D,0.0382511523746494,0.0386915082141913,0.040739392152467
Y,-0.05283964552479,-0.0500977155485379,-0.0476307778785628
S,0.00760745817860884,0.00807944304942473,0.00922392120666456
W,-0.0715276684289134,-0.0757498191248777,-0.0732528806983354
V,-0.0303335407631388,-0.0314217265111978,-0.0306301404876486
P,0.0068188255702125,0.00831551507080796,0.0114503659668358
C,-0.0385393400171755,-0.0315778689318761,-0.0321969161751415
R,-0.020150008805156,-0.0206632593108663,-0.019694769864692
M,-0.0304933807732594,-0.0326128460328742,-0.0309937996774352
G30,-0.0870796489807191,-0.0728580566304055,-0.065740481696647
A30,-0.0669446368041682,-0.0611762930109008,-0.0528495742425096
E29:E30,-0.172895333912266,-0.207225949144423,-0.23072923772428
K30,0.0491510305819079,0.0526090663448612,0.0544029144737441
Q,0.00885672435162428,0.00936555176704508,0.0110843383445471
R28,-0.056351826588608,-0.0505097534070232,-0.0499676794061712
G,0.0119027638836976,0.012460978003934,0.0143190706645405
H,-0.0133741337020027,-0.0117691850875011,-0.00914051130950949
G29:G30,-0.118029350045105,-0.132609534436609,-0.177261215258937
N,0.0110061686354306,0.0106719073338528,0.0146793173126456
A29:A30,-0.0664959589348913,-0.0603420187929814,-0.0884307778141069
G29:A30,-0.132550458589198,-0.128242638460094,-0.144060641619375
K29,0.0355476516154729,0.0394416193569432,0.0353619656049451
A29,-0.0301670558710863,-0.0270471887489065,-0.032112630199005
A27:A30,-0.0710745163138953,-0.0620765970189133,-0.073953251801645
R27:G30,-0.117615354535536,-0.111128502507906,-0.105240042067586
A29:G30,-0.088389121344242,-0.100549973416,-0.108544264918138
E30,0.0239150672465391,0.0272025681141369,0.0296938762270315
L30,0.0269843767172638,0.026537620630522,0.0261147445174027
K26,0.0239565015428865,0.0223441155921458,0.0245479544323333
A28,-0.0212533680235322,-0.0197166949881243,-0.0243659902971816
R29:G30,-0.101257897140958,-0.117948055561944,-0.129695385727523
P29:G30,-0.0986995455238303,-0.109638702294945,-0.121846803158541
K27,0.0191052460589652,0.0196321293871221,0.0226838330331567
P27:P29:A30,-0.239065499847577,-0.253662682444013,-0.283872980597471
V29,-0.0180315781213241,-0.0192229228002879,-0.0279607913356255
A28:A30,-0.0420274504954065,-0.0359316955016092,-0.0321619639935143
K29:G30,-0.126460799945143,-0.136933554086149,-0.144603639769358
V28,-0.020226785654885,-0.0195519932768453,-0.0252058316246523
R30,-0.0264043809369919,-0.0257282552841784,-0.0188605016008151
R27:A30,-0.0804931122428361,-0.074687479868956,-0.0734073946018557
R28:E29,-0.0519573941723138,-0.055060148746819,-0.051428389141155
L26,-0.0124057149165909,-0.0125293415688756,-0.0122825946988766
D29,0.0102245824074719,0.0131607556796177,0.0110480072974867
E29,-0.0179594282236952,-0.0152917351620163,-0.0196857944771491
R26:G29,-0.0820767019032988,-0.0847023902533101,-0.0679515459155654
R28:P30,-0.0650094177508276,-0.0720339324834386,-0.0773590544070056
G29,-0.0150421434804388,-0.012951035659215,-0.0195550166128647
D28,0.0143320464094505,0.0183694615931776,0.0134051378342471
T30,-0.0261576687706627,-0.0270408075172761,-0.0218894746797608
K28:R30,-0.0852029411627745,-0.0864676579895621,-0.0660721253686338
A27:A29:A30,-0.0728766904793846,-0.0846197490649761,-0.0937765575372786
K1,-0.0192769551743497,-0.0191592795957182,NA
N27,0.0193491985234569,0.0202021278281821,NA
K28,0.0207475815744078,0.0231187148274813,NA
A27:G30,-0.0354208642227013,-0.0400135850121419,NA
V27,-0.0105206357663803,-0.0122843782268751,NA
K2,-0.0177909165032812,-0.0189505912021268,NA
A27,-0.0103249981446915,-0.0105148472727993,NA
N29,0.0189632785886657,0.0194118236389769,NA
V27:A29,-0.0394143885117844,-0.0403324132977009,NA
V26,-0.0116796477832112,-0.0146244318062852,NA
K3,-0.0149843220537281,-0.0165773825001614,NA
P28:E29,-0.0547291167671286,-0.0537979638106694,NA
N26,0.0177177885805635,0.0165143236167831,NA
C27,-0.0210528514780723,-0.0249042732609894,NA
E28,0.00808062912376952,0.0118789230888571,NA
R25:G28,-0.0646970045465135,-0.0636352900445799,NA
K25,0.0125365476581463,0.0113787223836323,NA
C30,-0.0261515445992107,-0.0235057784701813,NA
A26:A29:A30,-0.0357670340310984,-0.0497879151263802,NA
C29,-0.0124339478273075,-0.011645901942674,NA
C28,-0.0159611395690325,-0.0192057914047871,NA
A26,-0.0121125487090195,-0.0122065565942259,NA
I27:V29,-0.0406734315098993,-0.0431230500318901,NA
N28:E29,-0.0792373974336396,-0.0817172483861763,NA
D29:A30,0.064304661729588,0.0609501775198001,NA
F28,0.0169805719889616,0.0211751006569106,NA
F29,0.0229702785699318,0.024991098130381,NA
F27,0.0209196162125778,0.023136527371851,NA
R24:G30,-0.0311047084185241,-0.0354107903113235,NA
L27:V29,-0.0265204019343837,-0.0276853343822987,NA
R25:G30,-0.0409777396081633,-0.0379014186602812,NA
I28:V30,-0.0597893102018993,-0.0594816344709063,NA
I26,-0.0121599319389679,-0.0117972215264422,NA
D27,0.0105102637427456,0.0106912632893228,NA
A26:A27:A29,-0.0468175361203494,-0.0578957351660149,NA
K4,-0.0107192738506047,-0.0123148617306659,NA
L29,0.010570141701727,0.0127384074450942,NA
L28:G30,0.0668444500664213,0.0613239065745965,NA
P29:R30,0.0679494745393129,0.0673251224414533,NA
F28:G30,0.0640657834938484,0.0661462220075718,NA
G1,0.00796798443931092,0.00831584679958554,NA
D26,0.00998240779326442,0.00969804962543507,NA
N28,0.0167313708167228,0.0198317745545084,NA
E24:E29:E30,-0.0644390973058736,-0.0664914044329119,NA
V28:A30,-0.0234068476520378,-0.0250477778230119,NA
G26:G29:G30,-0.0641239932190297,-0.0685945174071023,NA
P29:D30,-0.0462655262914122,-0.0500849468077971,NA
K5,-0.0113216678053646,-0.0115078035041139,NA
P13,0.0103182632640692,0.00905874251561365,NA
R26,0.0143107735683986,0.0132713510085269,NA
L27,-0.00620455933736187,-0.0042676743052087,NA
G25:G29:G30,-0.0649568805360944,-0.0568562116434782,NA
V27:C29,-0.04827481635483,-0.049259787697366,NA
P28:P29:A30,-0.0852895045012888,-0.0827254302043136,NA
K7,-0.00998163130760783,-0.0106490548280293,NA
C26,-0.0182327061461362,-0.0155415376704307,NA
F30,0.0154609226913025,0.0143178709764215,NA
P7,0.00853096302741158,0.00755210488574382,NA
N25,0.0105472913289001,0.0117396505044372,NA
I27,-0.00933983256681482,-0.0079091521988346,NA
K8,-0.0102480867739286,-0.00988714079722781,NA
W13,-0.0146200133745641,-0.0159296296867847,NA
Q30,0.00724059259924786,0.00699625403884433,NA
K6,-0.00935146400243344,-0.0097310308572276,NA
K10,-0.0100392350488563,-0.00905298104085762,NA
R22,-0.00985645410755861,-0.00878604772926251,NA
R23,-0.00883664469290647,-0.00907299281899742,NA
A28:E29:L30,-0.0717605297488245,-0.0819345210383986,NA
P8,0.00820682063534136,0.00763728763947038,NA
F12,-0.0126202768824783,-0.00666254474246368,NA
F26,0.0152868910729126,0.0165317472594669,NA
S27:G29:G30,-0.0705970968280573,-0.0735405521809785,NA
A1,0.00418140683767062,0.00650524859142758,NA
A25,-0.00728471488520402,-0.00900907804921506,NA
V25,-0.00651638215614198,-0.00785607759679981,NA
S30,-0.00969784674392777,-0.0107899220193225,NA
R28:T30,0.0680790848589452,0.0655156642068324,NA
V1,0.00913414247234203,0.00991451207122259,NA
P10,0.00711330591506072,0.00698019704259888,NA
I30,0.00836405282521929,0.0102113785041027,NA
L28:C29,-0.0163738150247639,-0.0282229136674137,NA
E29:A30,0.0475414576164308,0.0435913020224058,NA
S27:A29:A30,-0.0787260648426461,-0.0826633370067854,NA
K9,-0.00779764983741683,-0.00843934621816676,NA
F13,-0.0123080440370006,-0.00605088520308034,NA
C5:C22,0.0335536978072235,0.0710073357438114,NA
G26:G29:A30,-0.0621486185593613,-0.0690051830997963,NA
D1,-0.00974542833125478,-0.00826544449190371,NA
T1,-0.00895720400169596,-0.00929288427093486,NA
P9,0.00776388194981226,0.00604029257273007,NA
H29,0.017750436747629,0.0170446863611513,NA
M21:K25,0.0476672089703049,0.0484747164303713,NA
C4:C7,0.0383957223149728,0.0534734772622645,NA
E29:G30,0.0474617300115534,0.0415935996460273,NA
P6,0.00808252642559543,0.00682836029740997,NA
Y28,0.0136151706321691,0.0164299816960316,NA
H27,0.0147133518970763,0.0143940935345881,NA
C1:R2,-0.0419369926333638,-0.0475705701766291,NA
C7:C10,0.0336535873319645,0.0500594961408856,NA
R24,-0.00676002996585232,-0.00644024801753318,NA
W27,0.0167982302008571,0.0216188301400967,NA
E29:F30,0.0409320546406424,0.0418149708313525,NA
R29:R30,0.0488544035389237,0.0402901179653342,NA
C8:H28,0.043053789401847,0.0820738344787544,NA
C6:C9,0.049088393089305,0.0625296152323456,NA
K28:E29:E30,-0.0678231181300278,-0.0644859925338955,NA
E28:A29:A30,-0.0678506751905272,-0.0689242254787089,NA
Y29,0.0165915974980802,0.0163100592504823,NA
F9:L13,-0.018808664296165,-0.0230492404925763,NA
C7:C21,0.0424307964476169,0.051172118413869,NA
W28,0.00578420563874114,0.0184930963767884,NA
G27:G29:G30,-0.0354842222558002,-0.0416177463352631,NA
L27:L28:A29,-0.0458602092265936,-0.0534388832976849,NA
E25:E27:K28,-0.0595750367420619,-0.0699555311313459,NA
E28:E29:A30,0.0220314148795841,0.0336540289814196,NA
L1,0.00585985878111981,0.00754972809242762,NA
F25,0.0103965142944577,0.0127044733446316,NA
L27:C29,-0.023985615349507,-0.0267533866503605,NA
A29:E30,0.0204372767758415,0.0229723386635689,NA
W28:R29,0.0526545214635454,0.0515942791147917,NA
R28:Y30,0.0561521308243863,0.0534232014029632,NA
C2:C5,0.0440935585348967,0.0531431165533996,NA
S26:G29:G30,-0.0689538933876145,-0.0615071480920429,NA
E27:E29:E30,-0.0230499291763397,-0.0324143969693337,NA
A26:A28:A29,-0.0290902016632725,NA,NA
E24:K27:E29,-0.061769857775966,NA,NA
F7,-0.00657411504203634,NA,NA
L24,-0.0037096158576757,NA,NA
Y27,0.0155964607690759,NA,NA
C27:A29,-0.0355977579236598,NA,NA
E9:C10,0.0387189048006843,NA,NA
C5:C8,0.0267734713643417,NA,NA
A28:E29:E30,-0.0589818373587659,NA,NA
L2,0.00742246472565166,NA,NA
P11,0.00602925878675706,NA,NA
H26,0.0106263543527092,NA,NA
R29,-0.00960692272695382,NA,NA
R3:Y4,0.0476762146886919,NA,NA
C4:C21,0.0293767428361003,NA,NA
W28:G30,0.0661725839881238,NA,NA
L27:E29:K30,0.0602087882898586,NA,NA
P5,0.00639379677122614,NA,NA
F10,-0.00613522300117429,NA,NA
R21,-0.00485318581052362,NA,NA
V26:C28,-0.027841437154461,NA,NA
E24:L28:E30,0.0442138076463418,NA,NA
F8:G30,0.0496641953206695,NA,NA
W28:A30,0.0513899155139094,NA,NA
S28:E29:E30,-0.0583047738917251,NA,NA
G24:G29:G30,-0.0517666674787402,NA,NA
L25:S28:E29,-0.0472793526085648,NA,NA
E27:K28:K30,-0.0576478205486158,NA,NA
L26:K27:K28,0.0575375987560199,NA,NA
F8,-0.00959256803795761,NA,NA
K11,-0.00575339127872455,NA,NA
P15,0.00763331735683585,NA,NA
G28,-0.00698611857590471,NA,NA
W29,0.0146893683970812,NA,NA
V29:Y30,-0.0336965901804121,NA,NA
D27:A30,0.0233330891967616,NA,NA
C10:H23,0.0402456133662479,NA,NA
A13,0.00213920675808098,NA,NA
S26,0.00608452408781654,NA,NA
R27,0.00805758577845797,NA,NA
C8:C11,0.0278988629023505,NA,NA
C14:C22,0.0325182861574504,NA,NA
K24,0.00373552612689819,NA,NA
L25,-0.0019829732108295,NA,NA
C16:C24,0.0360772586678642,NA,NA
C8:H24,0.036657964077066,NA,NA
C13:C25,0.0405210688874115,NA,NA
C1:C18,0.0252386345641495,NA,NA
K26:E29:E30,-0.0424103471267202,NA,NA
L28:L29:L30,-0.0400890286667196,NA,NA
L24:L25:D30,-0.0383737803195747,NA,NA
P12,0.00642655910417064,NA,NA
W14,-0.0205186810418513,NA,NA
P22:C29,-0.0168030348925646,NA,NA
V29:F30,-0.0320292432120213,NA,NA
D26:A30,0.0239378236272572,NA,NA
C11:H24,0.0283094547229136,NA,NA
F9,-0.00292908044270588,NA,NA
W12,-0.0114573490663359,NA,NA
Q29,0.0061685051211861,NA,NA
C10:V29,-0.0209698359604505,NA,NA
V28:C30,-0.0179553999435081,NA,NA
C3:C6,0.0421557926697561,NA,NA
S24:L27:P28,0.0574406931403939,NA,NA
E1,-0.00482972480657643,NA,NA
F6,-0.0073694418057205,NA,NA
G9,0.00397071690851778,NA,NA
A16,0.00260670793824699,NA,NA
P23,-0.00269855205271034,NA,NA
M27,-0.0117596351059246,NA,NA
L28,-0.00662042988759097,NA,NA
W15:E27,-0.0457160956055695,NA,NA
V4:W12,-0.0367807358765663,NA,NA
I27:K29,0.0267221429481317,NA,NA
D28:C30,0.0528130944910386,NA,NA
K26:E27:E29,-0.0361535380844773,NA,NA
C4:R5,-0.0345024606959909,NA,NA
V15:R16,-0.0265552113098075,NA,NA
P29:I30,0.0307719873030811,NA,NA
W26:P29,0.0460520737199445,NA,NA
C17:C20,0.0288058720280709,NA,NA
C8:C22,0.0299521087584504,NA,NA
C7:C19,0.0331591819519199,NA,NA
L27:P28:P29,0.0558633824929186,NA,NA
K24:L28:E29,0.0319786492863743,NA,NA
W9,-0.0202187641160075,NA,NA
A12,0.00260982881212441,NA,NA
A24,-0.00508406590387498,NA,NA
M30,-0.011094846361299,NA,NA
I27:C29,-0.0324138277607271,NA,NA
M17:R19,-0.0265265805841302,NA,NA
R4:Y5,0.0386377458769826,NA,NA
R28:K30,0.0283607429874525,NA,NA
C6:C19,0.0334382536350176,NA,NA
V27:L28:S29,-0.035838761129548,NA,NA
A10,0.00195388395766567,NA,NA
W10,-0.0139769001965454,NA,NA
K20,0.00448168884694893,NA,NA
M26,-0.00803540091899159,NA,NA
T28,-0.00634291199507641,NA,NA
W13:V17,-0.0404482121549406,NA,NA
W8:Q15,-0.0438426959371269,NA,NA
C20:V24,-0.0312580200551131,NA,NA
P29:Y30,0.0260207575454883,NA,NA
C6:C27,0.0332422589853708,NA,NA
A25:E29:E30,-0.0434087973487825,NA,NA
A27:L29:A30,0.0634831264887943,NA,NA
E25:A27:L29,0.0457192465336574,NA,NA
E28:L29:A30,0.0396095848219063,NA,NA
E24:L27:E29,0.0411640915917313,NA,NA
L27:P28:P30,0.0295164447289651,NA,NA
V3,0.00631832866193993,NA,NA
E9,0.00388458000134375,NA,NA
W26:E29,-0.045301958947387,NA,NA
N25:N27,0.0176197343676357,NA,NA
H28:T29,0.0207176303718029,NA,NA
C1:E2,0.035672316039175,NA,NA
Y14:F18,0.043496495754739,NA,NA
C1:C4,0.0375140079656876,NA,NA
C10:C13,0.020069913424497,NA,NA
C20:C23,0.0245899055099174,NA,NA
L25:S28:L30,-0.0406262862030461,NA,NA
E28:L29:E30,0.0311066635650461,NA,NA
E25:E27:L29,0.0345095041742234,NA,NA
A,0.00122834914310344,NA,NA
N2,-0.00433458220383677,NA,NA
W6,-0.0152585105641618,NA,NA
W11,-0.0121289628883017,NA,NA
H28,0.00483992796573651,NA,NA
C28:A30,-0.0253759897829465,NA,NA
L25:C29,-0.0106110686186777,NA,NA
T7:C24,-0.025641476034834,NA,NA
C2:C21,0.0169447483743881,NA,NA
H22:H27,0.0398412774239096,NA,NA
L26:L27:A28,-0.0220675402828935,NA,NA
L26:A28:S29,-0.0286832880162165,NA,NA
A26:A27:G30,-0.0328205229674414,NA,NA
L24:G27:L28,-0.031306078517899,NA,NA
P27:A29:P30,0.0347944706120417,NA,NA
P14,0.00568387849174876,NA,NA
P16,0.00650846545268722,NA,NA
H25,0.00830763596284757,NA,NA
Q28,0.00218675748204897,NA,NA
N2:M28,-0.0406866165173415,NA,NA
T11:W15,-0.0384495412832551,NA,NA
W5:A22,-0.0297457639587411,NA,NA
M26:R27,-0.0294509849182987,NA,NA
W16:K19,-0.0394700806679972,NA,NA
R7:Y8,0.0326692990732786,NA,NA
C3:C19,0.0355779012189472,NA,NA
C5:C11,0.0205780092034649,NA,NA
C8:H21,0.0312882725594226,NA,NA
C14:C27,0.0397005992134939,NA,NA
L25:E28:K29,0.0455817612337316,NA,NA
F11,-0.0087975149278687,NA,NA
F14,-0.0075397913905785,NA,NA
P17,0.00575274675319126,NA,NA
F24,0.00626593422511565,NA,NA
S10:W12,-0.0295256691374002,NA,NA
E8:C9,0.0251935782581737,NA,NA
G14:Y26,0.0219770204996554,NA,NA
L26:R28:E29,-0.0286258130343063,NA,NA
K24:K27:L28,0.0368513190592237,NA,NA
L24:R28:L30,0.0448408322197206,NA,NA
P28:P30,0.00662893813350487,NA,NA
C13:C17,0.00934590777761905,NA,NA
R29:Y30,0.0340679702063114,NA,NA
C2:C22,0.0142585014245048,NA,NA
M19:F23,0.0374229479463816,NA,NA
C13:C21,0.0156077918172062,NA,NA
C13:C20,0.0267009794489314,NA,NA
A24:A27:A29,-0.0169039635657864,NA,NA
E25:E29:E30,-0.0265702905111953,NA,NA
L25:E29:L30,-0.031826086308995,NA,NA
L26:E28:E29,0.0415342949985807,NA,NA
G4,0.00260983079103162,NA,NA
G5,0.00303980408290787,NA,NA
K12,-0.00489377047206403,NA,NA
W25,0.0107389451960852,NA,NA
W10:Q30,-0.0414328678843944,NA,NA
W7:L29,-0.0353322699178581,NA,NA
A4:M6,-0.0260722704376101,NA,NA
F1:G30,0.0327714228201501,NA,NA
R27:R30,0.014684840181235,NA,NA
C12:C18,0.0160039058291937,NA,NA
C22:C30,0.032904612446489,NA,NA
C5:C17,0.0118556544326078,NA,NA
A25:A27:A30,-0.0162380910179099,NA,NA
E27:Q28:L29,0.0408884760711819,NA,NA
E24:K25:L27,0.0371744529238537,NA,NA
L28:E29:D30,0.0520763298574522,NA,NA
A26:L28:E29,0.0221072449107804,NA,NA
K21,0.00433918601012943,NA,NA
K13:W17,-0.0280493947924356,NA,NA
V28:C29,-0.00890771892986407,NA,NA
C10:R23,-0.0166713383862934,NA,NA
F10:M12,-0.0370851325170924,NA,NA
F13:A14,-0.0174253067421858,NA,NA
N14:V15,0.0227097843249559,NA,NA
F13:D14,0.0254489855374455,NA,NA
C16:C21,0.0179254001220429,NA,NA
C17:C25,0.0316141552164858,NA,NA
C4:E5,0.0291086059672383,NA,NA
K29:M30,0.0236515418272294,NA,NA
W9:G30,0.0546433464676028,NA,NA
C9:H26,0.0213238150356443,NA,NA
C5:C23,0.0221331211116424,NA,NA
L24:L28:P30,-0.0328695336674506,NA,NA
E24:E27:K28,-0.0346745915064851,NA,NA
G2,0.00419919036194245,NA,NA
Y13,-0.00583554459091206,NA,NA
A15,0.00183878139143123,NA,NA
W21:E29,-0.0377183601167059,NA,NA
H13:Y20,-0.0319519487882325,NA,NA
Y6:H28,0.0255733351052238,NA,NA
C2:C17,0.00930109989416226,NA,NA
R8:Y26,0.0245401600000237,NA,NA
A29:P30,0.0177208362647122,NA,NA
H22:H26,0.0206824894911938,NA,NA
A27:E29:E30,-0.0309364485468374,NA,NA
L24:L25:S27,-0.0254352973720402,NA,NA
E28:A29:E30,0.022504998101412,NA,NA
E25:R26:L27,0.0393915817282403,NA,NA
R25:L27:E30,0.0255631135785737,NA,NA
R25:L26:E30,0.036942523700985,NA,NA
L28:E29:Q30,0.0381097283031186,NA,NA
E25:A29:E30,0.0294838483903214,NA,NA
G7,0.00141366405514721,NA,NA
K13,-0.00432700360849168,NA,NA
K23,0.00404245779137959,NA,NA
W18:Q20,-0.039243011065083,NA,NA
C10:H26,0.0241818897968799,NA,NA
I6:V14,0.0223581393900333,NA,NA
D5:M14,0.0372980430238401,NA,NA
C9:E10,0.0322571144093626,NA,NA
C9:H29,0.0307602445892089,NA,NA
C5:C18,0.0223584444102365,NA,NA
Y8:Y24,0.0362889319644235,NA,NA
P24:L29:L30,-0.0379320651487894,NA,NA
A25:L28:S29,-0.0305563283145467,NA,NA
S25:L26:K29,0.0282794634942704,NA,NA
I15,-0.00433945791956108,NA,NA
F15,-0.00693410551428137,NA,NA
I29:Y30,-0.0274403066801208,NA,NA
T2:W28,0.0380585358184907,NA,NA
D29:C30,0.0371929826532107,NA,NA
C15:C21,0.016802361693727,NA,NA
C2:P3,0.0248015697552006,NA,NA
C9:E29,0.0337437105065305,NA,NA
C2:C15,0.0178010702789993,NA,NA
C7:F14,0.0255154713077841,NA,NA
C5:C13,0.0155854608316804,NA,NA
A24:L26:L27,-0.0270528789525672,NA,NA
A28:L29:E30,0.0360253453917968,NA,NA
L14,-0.00244602105399515,NA,NA
L17,-0.0027408104784781,NA,NA
F22,0.00293286094018112,NA,NA
C5:R6,-0.0174664149944752,NA,NA
W11:V15,-0.0197292334374496,NA,NA
M10:M15,-0.0359708120512186,NA,NA
W6:R30,-0.0276489594975554,NA,NA
C12:C15,0.0127437092640142,NA,NA
W27:R28,0.0330488843584391,NA,NA
C29:G30,0.0415909744912723,NA,NA
C5:C21,0.0169310780333813,NA,NA
C7:C24,0.0254293810841202,NA,NA
C4:C16,0.0183991053358814,NA,NA
L25:L26:S30,-0.020959278924041,NA,NA
Q28:A29:L30,0.0308371148124789,NA,NA
M2,0.00856111527786567,NA,NA
L3,0.00527421780244584,NA,NA
Q9,0.00375828547514043,NA,NA
W16,-0.00738949577363927,NA,NA
Y22,-0.00560208978598601,NA,NA
C6:T29,-0.0268947860574,NA,NA
M12:L14,-0.0196421662792137,NA,NA
Q21:C25,-0.0193619374058606,NA,NA
Y4:F13,0.0265874013231204,NA,NA
G7:W28,0.0253035055697063,NA,NA
K27:C29,0.0302303087608159,NA,NA
C18:F22,0.0204411326836663,NA,NA
Y3:Y27,0.0269047671266596,NA,NA
C6:C18,0.0142516075032356,NA,NA
C13:C28,0.0117071096359208,NA,NA
L24:L25:S30,-0.0177359415628583,NA,NA
L27:L28:L30,-0.0197963534784282,NA,NA
E24:R27:L28,0.02395681930278,NA,NA
L28:E29:K30,0.0304397944591999,NA,NA
E26:V28:L30,0.0380978918647071,NA,NA
E26:E29:A30,0.0367417394499189,NA,NA
G3,0.00387915215809432,NA,NA
H22,-0.00554613708993654,NA,NA
Y26,0.00952263471959379,NA,NA
Q15:W21,-0.033361354333093,NA,NA
D7:W25,0.0256820967017483,NA,NA
Y26:Y30,0.0225375997784835,NA,NA
D2:Y29,0.0171525868552133,NA,NA
C10:C17,0.015847418218049,NA,NA
C4:H24,0.0229645887357156,NA,NA
C8:F12,0.0334506683447238,NA,NA
C7:H23,0.0165418028738238,NA,NA
C1:C27,0.0268312204729332,NA,NA
C1:F22,0.0325917515027018,NA,NA
A25:L26:A28,-0.0224840010246766,NA,NA
L26:L28:A29,-0.028735033399499,NA,NA
L24:E26:L30,0.0285443884462578,NA,NA
V2,0.00569244590566239,NA,NA
S3,-0.00206232368914275,NA,NA
H14,-0.00398884722485358,NA,NA
K19,0.0041108839308806,NA,NA
M25,-0.0054593741392338,NA,NA
Q26,0.00525817730131936,NA,NA
W14:V18,-0.024486368937201,NA,NA
A5:C8,-0.0180648682430787,NA,NA
M14:Y16,-0.0293840490034518,NA,NA
C7:L12,-0.0160102536009924,NA,NA
K12:C13,0.029094833899512,NA,NA
Y8:F22,0.0302761200065424,NA,NA
Y6:C15,0.0312526048526058,NA,NA
A1:W21,0.0338005893087269,NA,NA
C15:C22,0.0157482721449194,NA,NA
C18:C26,0.0151228978781682,NA,NA
A25:A29:A30,-0.0130892141137209,NA,NA
L24:L25:Q26,-0.0263946830093774,NA,NA
L24:L25:S29,-0.0138121322194187,NA,NA
E26:V27:L28,-0.0292617949275066,NA,NA
K24:E26:L28,0.0309597090809878,NA,NA
C15,0.00820739047860254,NA,NA
S15,0.00288328429815489,NA,NA
L6:F9,-0.0103128920319605,NA,NA
N21:H28,0.0288312587553763,NA,NA
Y1:F21,0.0342488547252115,NA,NA
W26:G30,0.0319213069145245,NA,NA
H12:C16,0.0372035005910171,NA,NA
C14:C17,0.0203611195553191,NA,NA
F12:H21,0.0289839105275331,NA,NA
R11:R12,0.012537737991332,NA,NA
M6:K10,0.0303635415462786,NA,NA
D29:G30,0.0238849917927481,NA,NA
C12:H25,0.0179427565672312,NA,NA
H17:H28,0.0281966012725216,NA,NA
C11:C24,0.0300939423537554,NA,NA
C23:C30,0.0330822984587437,NA,NA
R26:E29:E30,-0.0442654308904663,NA,NA
A25:S28:L29,0.0298509338278195,NA,NA
T,-0.000163151909306684,NA,NA
M4,0.0036876563929755,NA,NA
F5,-0.00496510045263149,NA,NA
W5,-0.0129922007363783,NA,NA
I16,-0.0037390463955656,NA,NA
F16,-0.00442180687166999,NA,NA
R19,-0.00239594370758732,NA,NA
K22,0.00202476337097206,NA,NA
D23,0.00416054982430077,NA,NA
S25,0.0050225194672232,NA,NA
W8:V16,-0.0245835307812568,NA,NA
K4:W14,-0.0216017095294185,NA,NA
D6:M22,0.0236669520514917,NA,NA
D23:I26,0.018108168472537,NA,NA
M27:D28,0.0278913199869514,NA,NA
I1:M26,0.0313950714210409,NA,NA
H21:Y29,0.035543416308131,NA,NA
Y2:Y5,0.0281441117056184,NA,NA
M3:Q18,0.0302766734484243,NA,NA
C18:D21,0.0228139889925313,NA,NA
Y5:F19,0.0300144674132406,NA,NA
Y24:Y28,0.022261289202059,NA,NA
H21:H25,0.0113760772356271,NA,NA
C12:C24,0.0277540573190166,NA,NA
C17:C26,0.0149029888239879,NA,NA
C21:C29,0.0103132587306398,NA,NA
L25:G29:A30,0.0617371939899875,NA,NA
L26:A28:S30,-0.018942705984216,NA,NA
P26:S27:L28,-0.0345450351375159,NA,NA
L25:K26:K27,0.0276004956780566,NA,NA
L25:R28:L29,0.0374633018187455,NA,NA
A9,0.002248816648446,NA,NA
P25,-0.00122693111139831,NA,NA
S29,-0.00257750394120718,NA,NA
M26:I27,-0.0215465675767535,NA,NA
C6:H23,0.0362897017518483,NA,NA
H2:H26,0.0178900233386433,NA,NA
C15:H28,0.0193282757660197,NA,NA
C2:C28,0.0217800026389452,NA,NA
C9:C23,0.0269447339509688,NA,NA
C7:C23,0.0303261641895713,NA,NA
C7:C15,0.0121536391573128,NA,NA
C5:C16,0.0125033463051255,NA,NA
P21:W27,0.0323953671776432,NA,NA
C16:C27,0.0146193230697457,NA,NA
L24:Q26:L27,-0.027708452787671,NA,NA
D25:L26:L30,0.0258790112145618,NA,NA
T2,-0.00345154092436247,NA,NA
S6,0.00321875509511142,NA,NA
W8,-0.0154828130661746,NA,NA
W17,-0.0125048950984154,NA,NA
Q22,-0.00383668358507236,NA,NA
S27,0.00404007639231619,NA,NA
Y18:C26,-0.0276140538595476,NA,NA
W11:T12,-0.0317418439640791,NA,NA
K7:W8,-0.0164114404107601,NA,NA
I29:M30,-0.0167760601063636,NA,NA
R2:C4,-0.022586065488014,NA,NA
P9:W11,-0.0308862800123837,NA,NA
W4:V8,-0.0299703176395962,NA,NA
C15:F21,0.0281040246059687,NA,NA
W19:D22,0.0350409865902377,NA,NA
A24:W25,0.0234230322336491,NA,NA
C13:C19,0.00359640675555398,NA,NA
C17:C28,0.0173905902857195,NA,NA
C13:C26,0.0179059766900637,NA,NA
E26:A27:L29,0.0264994177027454,NA,NA
E27:L28:E29,0.0252052507624404,NA,NA
L24:S25:L26,0.0240622188788912,NA,NA
I1,0.00447584403295824,NA,NA
L4,0.00296588668392163,NA,NA
E6,0.0024948279282788,NA,NA
C18,0.00771602202610059,NA,NA
P21,-0.00201593607768309,NA,NA
P24,-0.00193332450290385,NA,NA
Q5:W7,-0.035233788157174,NA,NA
R9:W16,-0.0194945784296323,NA,NA
M6:M15,-0.0343505915228958,NA,NA
R2:W15,-0.0187092122608448,NA,NA
N6:M19,-0.0299079129263663,NA,NA
W12:S25,-0.02631809576934,NA,NA
C7:V28,-0.0203939630607236,NA,NA
W11:T14,-0.0283192355553571,NA,NA
C3:F19,-0.0260380087301395,NA,NA
V2:F5,-0.0164080772428179,NA,NA
C1:A19,-0.0233229728881998,NA,NA
M15:N18,0.0284071022141109,NA,NA
W5:G30,0.0476604349880114,NA,NA
K3:C7,0.0247538028450277,NA,NA
C11:I13,0.0288351708691003,NA,NA
L27:Q28:E30,0.0229119046687394,NA,NA
Q6,0.00296148239121243,NA,NA
C8,-0.0133599890888443,NA,NA
G10,0.00218069376489488,NA,NA
L21,0.00263793743995055,NA,NA
M23,-0.0053329263950201,NA,NA
F23,0.00376735750373569,NA,NA
N24,0.00376738904177973,NA,NA
M10:Y12,-0.0272883483722378,NA,NA
Y6:C7,-0.0293974549802455,NA,NA
I24:Y25,-0.0236209210576186,NA,NA
T29:G30,0.020529022495728,NA,NA
H20:H24,0.0128876401689133,NA,NA
C10:D11,0.0275538236480569,NA,NA
R22:H23,0.0229094691764081,NA,NA
W26:G29,0.0276969762032747,NA,NA
C18:C21,0.00878619153855622,NA,NA
C19:C26,0.0188439945664711,NA,NA
Y4:C9,0.0212236789983053,NA,NA
K25:E29:E30,-0.0343360876057645,NA,NA
S26:E29:E30,-0.033266035285246,NA,NA
L24:L26:V28,-0.0312988730996532,NA,NA
L24:L25:S26,-0.0197692568917742,NA,NA
L25:E26:R27,0.0326915396954024,NA,NA
G24:S27:S30,0.0260212070104868,NA,NA
E27:A29:L30,0.0339724491149727,NA,NA
E24:L26:Q29,0.0239106707526422,NA,NA
S28:L29:G30,0.0389889574430363,NA,NA
A26:E29:A30,0.033623417971667,NA,NA
I2,0.00588171959260233,NA,NA
H9,-0.00196459938297693,NA,NA
E12,0.00188161309594897,NA,NA
K14,-0.00303937107763462,NA,NA
L16,-0.00276254722537978,NA,NA
S19,0.00333134566493217,NA,NA
R25,0.00573012120266591,NA,NA
W26,0.00375824337992713,NA,NA
W30,0.00528244841917938,NA,NA
C10:H12,-0.0280312426058945,NA,NA
C29:Y30,-0.0273392997736665,NA,NA
Y9:M12,-0.0342784081709208,NA,NA
R24:C29,-0.016071999165943,NA,NA
C24:V26,-0.0176203905508134,NA,NA
H18:R25,-0.0199454665890523,NA,NA
W8:A9,-0.0289482170251813,NA,NA
C19:I21,0.0300629621812611,NA,NA
D4:F6,0.0244117604138027,NA,NA
Y27:Q28,0.0121763041012608,NA,NA
M21:D30,0.0197658385062677,NA,NA
M2:T9,0.0163259633252391,NA,NA
M22:P24,0.0256278548809053,NA,NA
Y2:Y30,0.015956779967029,NA,NA
H14:H26,0.0276570775913625,NA,NA
G2:W25,0.0195561719503637,NA,NA
D13:W23,0.0232670990378999,NA,NA
Y18:Y29,0.0217214327760538,NA,NA
C5:H23,0.0373934496242658,NA,NA
C14:N16,0.0307447748338584,NA,NA
H3:Y21,0.0310902080177857,NA,NA
S25:T26:S28,0.0331991967515979,NA,NA
C10,-0.0103909274588052,NA,NA
L18,-0.00264218886950774,NA,NA
E22,0.00218673679230976,NA,NA
D24,0.00320452911008782,NA,NA
K19:W20,-0.0300415505544287,NA,NA
K3:W15,-0.0253701082258384,NA,NA
W6:A24,-0.0184546053703084,NA,NA
K5:W7,-0.0261649217086871,NA,NA
W7:A22,-0.0255208040280004,NA,NA
V16:M21,-0.0226323775584624,NA,NA
I13:F16,-0.0130951672032068,NA,NA
H4:C14,0.0424011054061575,NA,NA
N23:M24,0.0277034981784488,NA,NA
C19:H24,0.0277705483229109,NA,NA
G21:W27,0.0230971635439237,NA,NA
Y17:I27,0.0284594048697308,NA,NA
E18:W29,0.0177942855718137,NA,NA
S25:P27:P29,-0.0310043674423881,NA,NA
G24:S26:S29,0.0268082868470993,NA,NA
E24:L28:K29,0.0297343926704215,NA,NA
E24:L29:A30,0.0206026624967144,NA,NA
E2,0.00278040863807697,NA,NA
I14,-0.0039155618771249,NA,NA
L19,-0.00203761111103734,NA,NA
H20,-0.00305389083335151,NA,NA
L20,0.0021183514292402,NA,NA
T26,-0.00267942435454314,NA,NA
E27,-0.0026295820607557,NA,NA
V5:W11,-0.0195306097472609,NA,NA
W1:V5,-0.0281285236912913,NA,NA
I5:M29,-0.0225706288855544,NA,NA
M5:H12,-0.0274477071470628,NA,NA
C2:N13,0.0270184094091939,NA,NA
C4:D18,0.0239679284170667,NA,NA
H8:F27,0.0193846075843445,NA,NA
M24:F29,0.0297167451690228,NA,NA
Y6:Y21,0.027361816900878,NA,NA
Y2:C4,0.01722659199311,NA,NA
T28:L29:L30,-0.0310635107047076,NA,NA
S27:L28:E29,0.0219059867190843,NA,NA
E25:A29:L30,0.0224028909823989,NA,NA
L25:L27:E29,0.025628883982075,NA,NA
C6,-0.00842470431421908,NA,NA
L15,-0.00249464411180254,NA,NA
M17,-0.00794132612119882,NA,NA
I17,-0.00302705080921118,NA,NA
W24,0.00982686169753391,NA,NA
W11:K17,-0.0245913542062742,NA,NA
C5:P14,-0.0197018810147845,NA,NA
W8:V11,-0.0267274488038479,NA,NA
W5:L9,-0.0163103452625387,NA,NA
Y14:F25,0.0261506087305691,NA,NA
H28:C30,0.0317082033659236,NA,NA
S19:W30,0.0144423851782197,NA,NA
P27:W30,0.0239375322925735,NA,NA
H6:H25,0.0235433269956409,NA,NA
C5:H26,0.0283967953250891,NA,NA
G17:Y19,0.0199275649686165,NA,NA
Y14:Y28,0.0165193823776256,NA,NA
D28:C29,0.0244221760460743,NA,NA
C9:C12,0.0124249797287766,NA,NA
N15:M18,0.0333917795328549,NA,NA
C11:C22,0.015958274277625,NA,NA
C3:C9,0.022977668007852,NA,NA
L25:L26:L30,-0.0118441832708815,NA,NA
A26:L27:E29,0.0183290678422206,NA,NA
L25:R27:L30,0.0282628893861952,NA,NA
G24:A28:L29,0.0288214998795902,NA,NA
E24:V27:L29,0.0255179660295615,NA,NA
L24:E29:G30,0.020529371959694,NA,NA
C9,-0.0177339088652157,NA,NA
S14,0.00235539975715826,NA,NA
F17,-0.00641227547092835,NA,NA
T6:C29,-0.0170046299303021,NA,NA
C28:V29,-0.0179040159159825,NA,NA
W2:L28,-0.0174938998471179,NA,NA
H4:Q5,0.0214304652289485,NA,NA
Y15:P18,0.021023248012712,NA,NA
M4:H14,0.029205646655624,NA,NA
G4:C10,0.014122078709804,NA,NA
N10:C17,0.0228013326874721,NA,NA
G3:C16,0.00906403165435828,NA,NA
W27:D29,0.0221293319391376,NA,NA
S5:W22,0.023775013944944,NA,NA
P8:W21,0.0216313279939597,NA,NA
P20:W27,0.01708181991294,NA,NA
C2:C25,0.01944111788832,NA,NA
D23:W26,0.0214798377399202,NA,NA
M29:G30,0.0239674752642646,NA,NA
C7:H20,0.0284344523554564,NA,NA
L24:L25:S28,-0.0141321033004374,NA,NA
S16,0.00269322761077232,NA,NA
I18,-0.00338524176864418,NA,NA
G22,-0.00309340295246608,NA,NA
H20:V27,-0.0103045147700048,NA,NA
C4:F19,-0.0258663663122702,NA,NA
W24:D25,0.0195215124991209,NA,NA
N1:H30,0.0222810548580302,NA,NA
F12:H16,0.0291623071551217,NA,NA
Y7:F17,0.0328081298057016,NA,NA
D7:Y9,0.0172667481774693,NA,NA
P1:W9,0.0400349142991307,NA,NA
C5:H25,0.0148776545395171,NA,NA
W16:T27,0.0409956219875243,NA,NA
Y10:Y25,0.0219175794966658,NA,NA
E27:G30,0.0145914534160262,NA,NA
Q2:H16,0.0256064377017966,NA,NA
C3:C17,0.0117628114888992,NA,NA
C12:C29,0.0272559653189855,NA,NA
H15:F24,0.0124982320075867,NA,NA
C20:F24,0.0208374200161341,NA,NA
H19:Y27,0.0233277257811786,NA,NA
A24:L25:S30,-0.0214327545507198,NA,NA
T25:L26:L30,-0.0280219897563313,NA,NA
Y7:M9,-0.0236092637296187,NA,NA
K12:W13,-0.0173386512933363,NA,NA
T6:C13,0.0229886925801797,NA,NA
C16:K19,0.0167110260876181,NA,NA
A3:W18,0.0261978210614455,NA,NA
M4:N20,0.0200116271806852,NA,NA
C20:H24,0.0330226101430035,NA,NA
Y3:F18,0.0228961922943582,NA,NA
W14:G15,0.0342461352969906,NA,NA
Y12:M18,0.0335280375120707,NA,NA
Y6:C8,0.0230056175518686,NA,NA
A24:L25:A29,-0.0188627607972184,NA,NA
I25:L28:L29,-0.019066766427618,NA,NA
A25:L29:L30,-0.0175695495516058,NA,NA
S25:L27:A30,-0.0229380171541469,NA,NA
E24:L26:R27,0.015502915072404,NA,NA
R26:L27:E30,0.013654236762427,NA,NA
Q3,-0.00202078995535706,NA,NA
Q8,0.00245382390300268,NA,NA
S17,0.0028932060205873,NA,NA
A23,-0.00248328099591918,NA,NA
F16:M29,-0.0241414560003599,NA,NA
C13:V27,-0.0150493564214772,NA,NA
W16:V20,-0.0250079011868405,NA,NA
C10:C16,0.0227452085354273,NA,NA
P12:W24,0.0174878346483387,NA,NA
C14:C20,0.0475325908638027,NA,NA
Y16:F26,0.0192350662539235,NA,NA
C9:G13,0.0136573003822817,NA,NA
R14:W24,0.0188152976761303,NA,NA
D16:C17,0.0245492873782231,NA,NA
C2:C18,0.0107554962908569,NA,NA
Y21:Y24,0.0177188667684296,NA,NA
C8:C21,0.0171808825223797,NA,NA
L28:A29:A30,0.0391425662438485,NA,NA
L24:A25:L28,-0.0183611780534534,NA,NA
L25:L28:A29,-0.0152943860799278,NA,NA
S24:A28:L30,-0.025067604459819,NA,NA
L26:K28:K30,0.0233410533385017,NA,NA
K26:K27:L29,0.0212730527081154,NA,NA
L26:P28:P30,0.0180322374576202,NA,NA
R8,-0.00349191478103039,NA,NA
L11,-0.00207702637357723,NA,NA
H16,-0.00453072923256753,NA,NA
Q14:Y18,0.0222347359135948,NA,NA
W2:D15,0.0307423928786886,NA,NA
P10:W30,0.0149013583369021,NA,NA
C10:H27,0.00870569901646485,NA,NA
S11:W23,0.0200440519313652,NA,NA
M21:Y25,0.028576325986026,NA,NA
C16:C19,0.00914507757497922,NA,NA
E23:W30,0.0203435631254615,NA,NA
C5:F12,0.0126685168802341,NA,NA
H21:H26,0.0155223774706384,NA,NA
Y2:Y15,0.0185760064410817,NA,NA
D5:W26,0.0181531538665298,NA,NA
Y3:Y22,0.0259717472916527,NA,NA
S25:A29:A30,-0.0184836803387463,NA,NA
A25:L26:L29,-0.0178928554170616,NA,NA
A24:L25:S28,-0.0233303656050095,NA,NA
L27:L29:L30,-0.0140432647274424,NA,NA
S25:L26:L27,-0.0207119353106139,NA,NA
L26:D29:L30,0.0249915064321308,NA,NA
P3,0.00390849792042132,NA,NA
P4,0.00305478296130982,NA,NA
Y8,-0.00439063079639422,NA,NA
E14,0.00201602612699111,NA,NA
P22,-0.0018015699155384,NA,NA
W6:L8,-0.0155001491257173,NA,NA
C10:F19,-0.0140104579646769,NA,NA
C11:R12,-0.0113966544230245,NA,NA
M14:M25,-0.0196880086681378,NA,NA
C21:I24,-0.0206363507692094,NA,NA
W6:D22,-0.0211028148180189,NA,NA
C7:I27,-0.0134486506812644,NA,NA
P12:C20,-0.0125846407842391,NA,NA
M15:A17,-0.0184820934903562,NA,NA
W14:A29,-0.012314681237263,NA,NA
Y17:H21,0.028829717002573,NA,NA
V19:C24,0.0154683771237874,NA,NA
I3:M17,0.0210769178386835,NA,NA
T19:M24,0.020224741590241,NA,NA
Y14:D15,0.0192122179196879,NA,NA
Y17:Y26,0.0185684777925402,NA,NA
W16:E30,0.0326960209286485,NA,NA
F13:H22,0.0152845670250549,NA,NA
W15:V29,0.0328014246083665,NA,NA
C6:C14,0.0186509648531787,NA,NA
C9:C21,0.0115586939987323,NA,NA
L26:V27:L28,-0.0206799569028529,NA,NA
E24:R27:R28,0.0254925895290425,NA,NA
P28:A29:P30,0.00997086717574335,NA,NA
L25:V29:E30,0.0236638887512642,NA,NA
M11,0.00573218296232552,NA,NA
T13,0.00258996217261304,NA,NA
D16,-0.00250410499796234,NA,NA
M18,-0.00609102743418292,NA,NA
S22,0.00217934662638564,NA,NA
I25,-0.00179229267223385,NA,NA
F9:M13,-0.015924360893744,NA,NA
R5:W15,-0.0154413190246212,NA,NA
K11:W22,-0.0246101185475702,NA,NA
C13:T18,-0.0239124708201332,NA,NA
W15:L28,-0.00974263381025306,NA,NA
Q2:W13,-0.0164474170626374,NA,NA
I7:F13,-0.0132936753163866,NA,NA
M11:G14,-0.0213766720839686,NA,NA
C9:G29,0.0245022698734016,NA,NA
N1:Y2,0.0141703098984876,NA,NA
C19:I24,0.0241354619288899,NA,NA
M2:H6,0.0220367624669425,NA,NA
F5:F14,0.0197314409380198,NA,NA
Y9:H15,0.0287511753981276,NA,NA
Y10:C20,0.0352272434132199,NA,NA
M7:H25,0.0203772432627506,NA,NA
H1:C9,0.0206289560007023,NA,NA
N11:C15,0.0215701713409486,NA,NA
C9:G30,0.0185431346116749,NA,NA
C11:H28,0.0115985434819287,NA,NA
Y8:C13,0.0206862330629427,NA,NA
Y3:Y15,0.021683217926774,NA,NA
Y1:I5,0.0235284692270193,NA,NA
C3:C20,0.00974590894961228,NA,NA
C3:C15,0.0141520551135235,NA,NA
M17:I28,0.0208266549482446,NA,NA
C9:F16,0.0178423677827791,NA,NA
L25:E29:E30,-0.0203825233875729,NA,NA
P26:L28:L29,-0.013775572095674,NA,NA
Y2,0.00568276570145882,NA,NA
Y7,-0.00319965904488442,NA,NA
R17,0.00326802271827494,NA,NA
W20:T27,-0.0235406509258216,NA,NA
Y10:N19,-0.0186006914824914,NA,NA
Q16:W20,-0.0231731301827036,NA,NA
F1:H19,0.0156814443772621,NA,NA
G6:W28,0.0188560513864779,NA,NA
D10:C14,0.0268211980570209,NA,NA
Y6:C19,0.0244731566075912,NA,NA
H11:I23,0.0189712193555405,NA,NA
Y20:Y28,0.0207034873028933,NA,NA
H8:H11,0.0249550521273419,NA,NA
Y21:Y25,0.0183370659535858,NA,NA
S25:E27:L29,-0.0274123963986233,NA,NA
L24:L25:T26,-0.0166149067975956,NA,NA
P24:L26:P27,0.0268863712871735,NA,NA
F16:C27,-0.014751519108219,NA,NA
C26:F29,-0.0183459996041817,NA,NA
R7:W9,-0.0138436381367601,NA,NA
C11:R13,-0.0133960569047413,NA,NA
C1:R21,-0.0123904909438614,NA,NA
W22:G23,0.025820427784701,NA,NA
R12:R14,0.00790069709934454,NA,NA
C21:C28,0.0171249459607703,NA,NA
C19:G30,0.0144377241634041,NA,NA
T21:C24,0.0188840266042643,NA,NA
W6:E12,0.0196078836664248,NA,NA
Y9:Y13,0.0258010966877823,NA,NA
V24:L28:S30,-0.0184588323978208,NA,NA
S27:E29:L30,-0.0212705266619559,NA,NA
K25:L28:L30,-0.0222843615857189,NA,NA
V25:L26:L30,-0.0185703956894579,NA,NA
I26:L27:L30,-0.0184701630636174,NA,NA
F4,-0.00421252948119179,NA,NA
Q5,0.00218575676100475,NA,NA
G25,0.00306181785942314,NA,NA
K2:W12,-0.0162651625096566,NA,NA
G19:M21,-0.0140041320467894,NA,NA
Q1:W24,-0.0288948369149005,NA,NA
W6:I15,-0.0147013485284768,NA,NA
S24:W29,0.0100386950699119,NA,NA
G5:W21,0.0188882511400324,NA,NA
C2:C10,0.0219817760670226,NA,NA
N21:Y28,0.0190053757731574,NA,NA
C11:C28,0.0164757078664553,NA,NA
C10:C27,0.0181970201367329,NA,NA
S25:L27:R29,-0.0197279336725554,NA,NA
L26:P27:P30,0.0183578565006035,NA,NA
R24:L26:E28,0.0247974453599945,NA,NA
S18,0.00198111871376145,NA,NA
Y25,0.00682491866965283,NA,NA
R28:M29,-0.0156639779792317,NA,NA
W3:D21,-0.0221623299336587,NA,NA
F18:M28,-0.0178788293038125,NA,NA
K10:W12,-0.0113471010671456,NA,NA
C1:Q17,-0.0227714496567251,NA,NA
C3:C26,0.00929696598320879,NA,NA
Y4:Y28,0.0176341813168683,NA,NA
W20:D24,0.0236307832958424,NA,NA
I9:Y16,0.0186343521026006,NA,NA
C11:C26,0.0183541651749743,NA,NA
W23:K26,0.0196896005168379,NA,NA
Y9:Y24,0.0210071747916886,NA,NA
K18:M26,0.0124162769642131,NA,NA
D11:F13,0.0147946122343312,NA,NA
M8:D9,0.0196181348352691,NA,NA
C8:N12,0.0228324481437351,NA,NA
I26:L29:L30,-0.0179872140788258,NA,NA
L24:L26:A28,-0.020382319965089,NA,NA
P25:L28:L29,-0.0197082085590668,NA,NA
V24:L27:E29,0.0194103376568606,NA,NA
E25:L27:A30,0.0209735206561239,NA,NA
S2,-0.00143732357639081,NA,NA
F2,-0.00224537251291977,NA,NA
D7,0.00173689454632914,NA,NA
F21,0.0019838469139067,NA,NA
T22,-0.00265923422544329,NA,NA
W6:A25,-0.0170580284569749,NA,NA
F5:M6,-0.0161902360403747,NA,NA
W7:A29,0.0267288725741767,NA,NA
W10:A11,-0.0200239138298596,NA,NA
G2:W12,-0.0235803854643028,NA,NA
W13:L22,-0.0137200496634373,NA,NA
I3:C17,0.0186181241652885,NA,NA
Q5:W6,0.0241041335818427,NA,NA
H7:C13,0.0268195762631262,NA,NA
Y1:Y16,0.0232817959459513,NA,NA
F23:M30,0.0158921304901459,NA,NA
G7:W8,0.0273696472054633,NA,NA
C1:H13,0.025512291600717,NA,NA
W11:G15,0.024988173468064,NA,NA
L26:L29:V30,-0.0206998442350495,NA,NA
L25:L28:T30,-0.0143624037810458,NA,NA
L24:L26:G30,0.0221653712277279,NA,NA
L24:L26:V30,-0.0197169714117984,NA,NA
G24:G26:G29,0.0243641640313586,NA,NA
G28:G29:S30,-0.0288393062753714,NA,NA
E25:I26:L29,0.0245816687642464,NA,NA
E25:L26:R28,0.0290314462692109,NA,NA
R2,-0.000842230211349072,NA,NA
H4,-0.00330846320566617,NA,NA
V7,-0.00247506771199321,NA,NA
A22,-0.00257812599043013,NA,NA
W10:V14,-0.0108349434905419,NA,NA
W10:L12,0.0280934729566808,NA,NA
Q17:C24,-0.0224853741986963,NA,NA
M9:Y23,-0.0246467273787987,NA,NA
F7:H13,-0.0121867628771855,NA,NA
W7:I11,-0.0245651051617384,NA,NA
N11:M25,-0.0189356752898241,NA,NA
H13:F26,-0.0180077676402502,NA,NA
F20:C22,0.0182269076910863,NA,NA
M9:M19,0.0190323790873813,NA,NA
G4:C13,0.00807206044567196,NA,NA
Y15:F17,0.0238189894374675,NA,NA
Y10:Y18,0.0198254856728253,NA,NA
D14:W21,0.0167394199438462,NA,NA
F5:C19,0.0234261820359304,NA,NA
H10:F18,0.0199496111654742,NA,NA
Y19:Y21,0.0186229197542451,NA,NA
M7:M17,0.0292320188700724,NA,NA
C27:C30,0.0145798420970486,NA,NA
Y15:Y17,0.025293721574136,NA,NA
C25:C28,0.0148458720682099,NA,NA
C5:C28,0.00875768587395742,NA,NA
C6:C13,0.00965787092178993,NA,NA
C4:C27,0.0164229605404955,NA,NA
C8:C25,0.018105517385441,NA,NA
L26:E29:E30,-0.0226214024506807,NA,NA
L26:A29:A30,0.0296261647541356,NA,NA
P24:L26:L30,-0.0164541326743112,NA,NA
L24:L28:R30,-0.0129965040810193,NA,NA
A25:L29:A30,0.023602126945088,NA,NA
C21,0.0076179927870345,NA,NA
H30,0.00452476285699353,NA,NA
M14:H17,-0.0176113129579195,NA,NA
H8:F17,-0.0153556035231965,NA,NA
W22:V28,-0.0263241321276924,NA,NA
W5:T26,-0.013647261595081,NA,NA
W4:S17,-0.0170619832903473,NA,NA
Y26:L28,-0.012948620785102,NA,NA
C8:I14,0.0304240367244771,NA,NA
G1:M21,0.0148641791430642,NA,NA
H12:K30,0.0145187097009305,NA,NA
A13:M24,0.0151365290487566,NA,NA
A8:W11,0.0250221849487147,NA,NA
C10:C18,0.0156031631439612,NA,NA
H2:M27,0.0243688850533573,NA,NA
L28:E29:E30,0.0160768647227728,NA,NA
L25:I28:L29,-0.0195040178153594,NA,NA
D9,-0.00267178656416431,NA,NA
R9,-0.00200145360460735,NA,NA
E11,0.00172748377734912,NA,NA
E20,-0.0021200768478217,NA,NA
T23,0.00287199927507844,NA,NA
M2:H9,-0.0237307801949457,NA,NA
W9:R14,-0.0187359128918767,NA,NA
F7:H22,-0.0102851208046558,NA,NA
W4:L14,-0.013397233981501,NA,NA
W18:K25,-0.0191199106702614,NA,NA
K14:W21,-0.0194640533913766,NA,NA
W3:L14,-0.0132505927268441,NA,NA
M8:F20,-0.0151061216886152,NA,NA
Q4:W24,-0.0250077945824983,NA,NA
M25:I29,-0.0102715037582022,NA,NA
W27:L28,-0.0205075233476932,NA,NA
M15:F19,0.0189120141243819,NA,NA
F4:F21,0.0143023997871768,NA,NA
F11:F18,0.0188163758807599,NA,NA
D3:C6,0.0217136391994725,NA,NA
V7:C8,0.0176333696895887,NA,NA
C7:C20,0.0153201190292981,NA,NA
S8:W22,0.0160483767318534,NA,NA
C11:V23,0.0190842211835141,NA,NA
H21:C29,0.031836178125871,NA,NA
E7:W8,0.0258026732908661,NA,NA
C4:C23,0.0130799392377,NA,NA
W15:P17,0.0203595581564934,NA,NA
C19:C21,0.0089630672889616,NA,NA
C12:C23,0.0147319520486997,NA,NA
W16:D23,0.0304408151680071,NA,NA
C26:C29,0.0165623702340356,NA,NA
Y5,-0.00403802119633799,NA,NA
T7,-0.00221381746463325,NA,NA
C22,0.00546850379710839,NA,NA
M29,0.00713651397252134,NA,NA
M7:F9,-0.0198038771513123,NA,NA
I24:C27,-0.0106331509352919,NA,NA
H6:N23,-0.0152231976692395,NA,NA
M2:I12,-0.0198525617654648,NA,NA
H5:M15,-0.0254427340275052,NA,NA
W11:L15,-0.00540523362005846,NA,NA
W3:P6,0.0209845135559163,NA,NA
T6:M22,0.0171114681374855,NA,NA
E23:C26,0.0203372338439932,NA,NA
W6:P27,-0.0206495555124719,NA,NA
F7:C9,0.0214601871432073,NA,NA
F2:M12,0.0200682926573606,NA,NA
C22:N25,0.0122082463382394,NA,NA
D7:W17,-0.0217435423927596,NA,NA
C6:Y15,0.0253219394157355,NA,NA
Y7:Y20,0.0203692232059316,NA,NA
F23:M25,0.0142988503411717,NA,NA
Y11:C16,0.015439446056938,NA,NA
C24:I27,0.0232401618169787,NA,NA
W20:G28,0.0226193650672563,NA,NA
L26:L27:A29,-0.0145486192103329,NA,NA
L27:L28:V30,-0.0121267414105879,NA,NA
R24:L25:E30,0.023472180613969,NA,NA
L27:R29:E30,0.0214314732252016,NA,NA
S26:G29:S30,0.0238063131009689,NA,NA
L25:Q27:Q28,0.0164286169606878,NA,NA
G27:G29:S30,-0.0243930492155184,NA,NA
L25:R26:K27,0.0213850854275578,NA,NA
E27:E29:A30,-0.0350810474863952,NA,NA
M1,0.00240373998712955,NA,NA
V8,0.00196274745358003,NA,NA
Y15,-0.0062904248966572,NA,NA
N30,0.00220223487421511,NA,NA
H11:F28,-0.0202840951119035,NA,NA
F3:M8,-0.0149435089668531,NA,NA
C8:I28,-0.00996322994090864,NA,NA
K8:W21,-0.0150267375105077,NA,NA
K15:W30,-0.0208475011625612,NA,NA
W5:T10,-0.0189643900703815,NA,NA
F7:M12,-0.0195982198551052,NA,NA
E1:W18,-0.0166608707354956,NA,NA
G11:H15,0.009331227526419,NA,NA
R3:R5,0.0114452514136286,NA,NA
D12:F13,0.0120523578361118,NA,NA
Y20:Y24,0.0151539947633728,NA,NA
E22:C26,0.0171549809153183,NA,NA
P25:C27,0.0160591865940905,NA,NA
E17:W18,0.0241081384575315,NA,NA
Y5:Y7,0.025214676622526,NA,NA
W7:D14,0.0157431444191303,NA,NA
C14:C26,0.0157709440738667,NA,NA
Y16:I20,0.0153291444206802,NA,NA
Y11:Y18,0.0219952374628293,NA,NA
C22:C28,0.00880397756977732,NA,NA
C4:C18,0.0094319194611056,NA,NA
C2:Y22,0.0209616822059276,NA,NA
C19:C28,0.0129021407064741,NA,NA
L25:A29:A30,0.0311715982314948,NA,NA
L24:L29:L30,-0.0111278684120957,NA,NA
Q17,0.00313548398204308,NA,NA
A21,0.00141989445244571,NA,NA
L22,0.0010858784686306,NA,NA
D30,-0.00287563985913781,NA,NA
Y6:C17,-0.0202176383458578,NA,NA
L3:H17,-0.00859963069441294,NA,NA
V15:W16,-0.0156860462124806,NA,NA
A1:M29,0.00793675202135442,NA,NA
C1:Q16,0.0181110877237118,NA,NA
M14:N27,0.0186748251354316,NA,NA
M9:N18,0.0157748920115761,NA,NA
C21:P26,0.0141473546189835,NA,NA
H6:Y8,0.0223292487677908,NA,NA
M16:F21,0.0158523450637101,NA,NA
D9:C12,0.0208158361134541,NA,NA
E25:W26,0.0196362305555346,NA,NA
M19:Y29,0.0146275106957738,NA,NA
W12:I19,0.0242510902500993,NA,NA
F6:M21,0.0235848860964007,NA,NA
C4:H20,0.0137944321685453,NA,NA
W26:G28,0.0181881027476655,NA,NA
N23:M30,0.0188248660558727,NA,NA
C23:C27,0.00941731449202213,NA,NA
Y1:H12,0.0173428610338434,NA,NA
L24:V25:L27,-0.0156133915117609,NA,NA
E26:E28:A30,0.0246897691850281,NA,NA
E24:E27:A30,0.0240190756623746,NA,NA
L24:Q25:L28,0.0228046292335176,NA,NA
V4,-0.00115540772630582,NA,NA
C5,-0.00764439148416197,NA,NA
H7,-0.00181366805361935,NA,NA
L13,-0.00208615714625691,NA,NA
R14,0.00240740324464122,NA,NA
K17,0.00204539429277884,NA,NA
E25,-0.00156227023700611,NA,NA
W25:I26,-0.020408534769145,NA,NA
C7:Y8,-0.0144956721747376,NA,NA
W14:T17,-0.0155492885763232,NA,NA
R14:W27,-0.0259599547475913,NA,NA
N18:M29,-0.0211688109996554,NA,NA
W8:L13,0.0252652401930371,NA,NA
R1:Y16,-0.010268378846433,NA,NA
V3:W5,-0.0162480647651295,NA,NA
W18:P23,-0.0140822370008478,NA,NA
F2:M19,-0.018454781533288,NA,NA
T14:Y18,-0.0100118853906734,NA,NA
H2:H13,0.0196369526387265,NA,NA
W12:G25,0.0151719706808909,NA,NA
C12:F16,0.0130082308470449,NA,NA
C2:F8,0.0229696680366463,NA,NA
Y19:Y22,0.0208190239635439,NA,NA
E13:W30,0.00988893106051604,NA,NA
E2:W8,0.0181260909941481,NA,NA
Y6:F15,0.015765567724679,NA,NA
N8:C10,0.0147370335822158,NA,NA
Y13:Y22,0.0238904233945177,NA,NA
W8:P26,0.0226521812721276,NA,NA
E26:E29:E30,-0.011091665148062,NA,NA
L25:G26:L30,-0.0214653730222035,NA,NA
P27:A28:P30,0.0177102955748793,NA,NA
V25:E27:L28,0.0209980312959347,NA,NA
D2,0.00193269508831917,NA,NA
R3,-0.00219281462312495,NA,NA
H5,0.00373246193772734,NA,NA
N15,0.00185139117703886,NA,NA
R18,0.00207582806663141,NA,NA
F18,-0.00477492086160391,NA,NA
M21,-0.00604506850576313,NA,NA
Q5:W23,-0.0233586397199575,NA,NA
Y17:A18,-0.0160958822273043,NA,NA
Y23:L27,-0.00929244754766726,NA,NA
H16:N24,0.016653206171414,NA,NA
M17:D20,0.010919715121686,NA,NA
Y2:N6,0.0110013799584097,NA,NA
W14:D15,-0.00804996822741624,NA,NA
H25:H26,0.00885421830182682,NA,NA
M26:D30,0.0148214779928111,NA,NA
Q6:F17,0.0117455690783539,NA,NA
C13:F29,0.0139671878993279,NA,NA
R9:M27,0.0168030670041368,NA,NA
W17:A30,0.0272216279600883,NA,NA
C12:F14,0.0244284714791601,NA,NA
F2:F15,0.0177921458412085,NA,NA
W7:P28,0.0224714095025318,NA,NA
W4:K8,0.0233327903989021,NA,NA
I9:C10,0.0154641546593149,NA,NA
C8:C26,0.0181095004417556,NA,NA
C9:F13,0.0158196035349733,NA,NA
V24:L25:L26,-0.0112336594403576,NA,NA
L25:L26:L27,-0.0114987237358222,NA,NA
A24:L25:G26,-0.0154253791691687,NA,NA
L10,-0.00168410141367201,NA,NA
R16,0.00335356335756366,NA,NA
A19,0.00175099714781992,NA,NA
I22,0.00222237533641009,NA,NA
D25,0.00250054129032125,NA,NA
E26,-0.00278305180477953,NA,NA
H2:C18,-0.0237559871811662,NA,NA
V14:W23,-0.0215833946645714,NA,NA
M5:N17,-0.0152095065951435,NA,NA
W1:Q27,-0.0255612917464778,NA,NA
T4:C27,-0.00776486391253637,NA,NA
C11:C23,0.0146043360993871,NA,NA
Y23:D29,0.0101991437955326,NA,NA
G12:C28,0.0130173821797009,NA,NA
M14:M19,0.0246738828158345,NA,NA
G2:W20,0.0185325045372905,NA,NA
Y13:C22,0.0190129731091197,NA,NA
C8:Y18,0.0241309344561197,NA,NA
D17:F18,0.0128939315721119,NA,NA
Q8:Y17,0.0128768574356468,NA,NA
W14:P29,0.0279265139992752,NA,NA
Y11:Y19,0.0191742469981708,NA,NA
Y12:C15,0.019107683324898,NA,NA
Y8:N18,0.0155023136158811,NA,NA
H1:H21,0.0190055668321235,NA,NA
W3:E28,0.0168723457260773,NA,NA
Y9:Y16,0.0202805841936303,NA,NA
E12:W15,0.0183989024834245,NA,NA
W5:E26,0.0203352192795911,NA,NA
L27:E29:E30,0.016003765998216,NA,NA
E25:I27:L30,0.0154531994352898,NA,NA
Q26:Q27:Q28,0.0109678811782479,NA,NA
D14,0.000925086545640774,NA,NA
W15,-0.00612554747186535,NA,NA
E17,-0.00127017559062956,NA,NA
N21,-0.00292387388712567,NA,NA
M24,-0.00647701048101954,NA,NA
T18:W24,-0.0212959763040955,NA,NA
M7:Y17,-0.0186453532605838,NA,NA
W7:R14,-0.0230124360426575,NA,NA
W9:L13,0.023822807378371,NA,NA
C9:N11,0.0212283185551973,NA,NA
D1:C2,0.0190093582690853,NA,NA
W6:P11,0.0204785572677583,NA,NA
H23:C30,0.0189878560484789,NA,NA
R8:R10,0.00903312698018054,NA,NA
Y15:I28,0.0172878298691614,NA,NA
Y6:Y10,0.0192662070528842,NA,NA
H6:C8,0.0238730467083288,NA,NA
C5:C6,0.0132411562166994,NA,NA
C2:C8,0.0138991885378057,NA,NA
Y15:Y22,0.0237666727263244,NA,NA
C9:C28,0.020901149432692,NA,NA
Y9:F11,0.022695112572287,NA,NA
W17:E21,0.0239497682600963,NA,NA
V24:L26:L28,-0.0168509855877505,NA,NA
Q1,-0.00174435288459649,NA,NA
K16,0.00169965532518934,NA,NA
D20,0.0018087340394885,NA,NA
N23,0.00257249851311425,NA,NA
F5:M13,-0.0116174334155025,NA,NA
V4:W10,-0.0105174791992683,NA,NA
R16:C19,-0.0131668711446025,NA,NA
W22:R29,-0.0218060785249969,NA,NA
R6:F7,-0.00821974588453177,NA,NA
W4:T5,-0.0221695390621992,NA,NA
D10:M15,0.0165517226739538,NA,NA
G26:W28,0.00695513280034319,NA,NA
C26:E29,0.0156083928254372,NA,NA
H15:M21,0.0101008578100059,NA,NA
Y11:Y23,0.017118236107449,NA,NA
D25:C29,0.0168094594008026,NA,NA
C4:F11,0.0155481603852752,NA,NA
H1:F7,0.018420651188846,NA,NA
Q12:Y30,0.0105341520477959,NA,NA
R8:W15,0.019377160009285,NA,NA
A1:W5,0.0187362180959396,NA,NA
L25:L26:A28,-0.0122150029115233,NA,NA
G27:L28:L29,-0.0156569423613119,NA,NA
A26:P28:P30,0.0171154006966001,NA,NA
L26:L29:K30,0.0125236241884199,NA,NA
E27:L29:A30,0.0160497681267521,NA,NA
D5,-0.00282435384731782,NA,NA
V9,0.00138196567704063,NA,NA
H13,-0.00224941963822242,NA,NA
C17:R29,-0.0127745129363405,NA,NA
F1:L3,-0.010243883755882,NA,NA
C11:I25,0.0191280369341795,NA,NA
F3:C24,0.0149869701488858,NA,NA
Q2:Y24,0.0107856698585256,NA,NA
W3:D19,0.0192995307922446,NA,NA
Y2:M8,0.017692881815547,NA,NA
H14:C19,0.0146622601050438,NA,NA
F7:F11,0.0172666196877091,NA,NA
F14:H23,0.00823994646143112,NA,NA
G23:C25,0.0142761493190095,NA,NA
K2:C3,0.0173358889267501,NA,NA
H4:C16,0.0147479735819398,NA,NA
C5:C26,0.00916152646172672,NA,NA
C9:C16,0.0108026350776592,NA,NA
C12,-0.00466246591923947,NA,NA
C12:Y27,-0.0137207465940563,NA,NA
L27:M29,-0.0118073199257625,NA,NA
L2:C26,-0.00607531135616506,NA,NA
D21:F26,0.0060467492519111,NA,NA
M4:F11,0.0160733945049185,NA,NA
D21:D23,-0.0127865524802666,NA,NA
Q4:Y20,0.01413132555633,NA,NA
C1:I10,0.0157597598381629,NA,NA
W2:E23,0.0117384805553906,NA,NA
D8:W12,-0.0148628422180628,NA,NA
M24:Y27,0.0168910873032596,NA,NA
H24:Y28,0.01356693610556,NA,NA
C4:Y25,0.0128424074562467,NA,NA
W2:R16,0.014531060039364,NA,NA
D8:W11,0.0227464364424263,NA,NA
C15:C27,0.0040950128009091,NA,NA
Y1:Y13,0.0158366944399858,NA,NA
C8:C24,0.0204287513922099,NA,NA
C11:H12,0.0179997829655112,NA,NA
C26:H27,0.016856922958991,NA,NA
C11:C20,0.011335768990383,NA,NA
L25:A28:A29,0.0208700348032763,NA,NA
L24:K25:K30,0.0161556933970751,NA,NA
E24:R25:L26,0.0120213218222525,NA,NA
N3,-0.00320325343367156,NA,NA
M14,-0.0049039546418096,NA,NA
D15,-0.00201426179025623,NA,NA
H21,-0.00470827178934645,NA,NA
F20:M21,-0.0132529337947292,NA,NA
T12:W25,-0.0233025043658783,NA,NA
S10:W14,-0.00729765224024603,NA,NA
C6:F13,0.0107087046641644,NA,NA
W17:S26,0.0167002065438839,NA,NA
C5:H21,0.0137138497479331,NA,NA
F4:Y15,0.0171295306251495,NA,NA
D14:W17,0.0168221195411148,NA,NA
Y14:Y16,0.0145097818507169,NA,NA
F3:D17,0.00984898666950911,NA,NA
H15:M26,0.0102782964823552,NA,NA
W6:P29,0.0205111399908527,NA,NA
H2:H25,0.00883092612395182,NA,NA
H13:H15,0.0140169018574609,NA,NA
C15:C26,0.00879862392851529,NA,NA
Y9:Y20,0.0176064897977969,NA,NA
L24:L25:L26,0.0234599246136829,NA,NA
A26:L28:A29,-0.0150246269173395,NA,NA
V25:S27:L28,0.0183587850068586,NA,NA
A24:E25:L28,0.0172852645379695,NA,NA
G24:G28:G29,0.0170205710597128,NA,NA
L25:L28:Q29,0.0192421015985922,NA,NA
D10,-0.00264440047933862,NA,NA
E15,0.00127585172355822,NA,NA
A18,0.00118182704616207,NA,NA
G23,-0.00119539685566683,NA,NA
P26,-0.00124671047895327,NA,NA
C2:I12,-0.0131198247180809,NA,NA
W1:P13,0.0125957294781381,NA,NA
D4:Y7,0.0125279153832644,NA,NA
H17:D27,0.0123072928899164,NA,NA
C10:G29,0.0118282236388911,NA,NA
Y8:Y16,0.0133244020141949,NA,NA
E1:W3,0.0160034281301667,NA,NA
E8:C11,0.0129262562811181,NA,NA
D3:F6,0.0150809426027229,NA,NA
D1:C4,0.0174711449801215,NA,NA
Y12:Y24,0.0160511328983105,NA,NA
L26:L28:L29,0.0201142698352019,NA,NA
L27:A29:E30,0.00960644841246262,NA,NA
A2,-0.00183042923766658,NA,NA
P19,0.00305818119766319,NA,NA
S23,0.001889794494674,NA,NA
W12:I13,-0.0102445931427016,NA,NA
V12:W28,-0.0218186478106826,NA,NA
Y17:F26,-0.012211257221117,NA,NA
N14:F17,0.0125496232142888,NA,NA
H17:C25,0.0197368857291899,NA,NA
G3:C9,0.0057340449600028,NA,NA
H3:M4,0.012926561035191,NA,NA
W3:A8,0.0138257548264452,NA,NA
Y17:Y29,0.0142631572700014,NA,NA
M6:I7,0.0111771856547897,NA,NA
P12:W15,0.0157571672409236,NA,NA
N28:C30,0.0167505737991627,NA,NA
N23:Y30,0.00872556955203604,NA,NA
T2:W29,0.0114183172502758,NA,NA
G14:W15,0.0121768479866704,NA,NA
W5:V20,0.0201781594354009,NA,NA
W5:T24,-0.0115791857778952,NA,NA
W9:D12,0.016784054173436,NA,NA
Y8:Y21,0.0153618955741122,NA,NA
L24:L26:A30,0.0152552399363866,NA,NA
A25:G26:G29,0.0188944987306415,NA,NA
I4,0.00312859455832637,NA,NA
I5,-0.00164885447202703,NA,NA
E7,0.00105189150303951,NA,NA
D12,0.00153032201151873,NA,NA
Q12,0.00163136472144044,NA,NA
M12,0.00470010987339327,NA,NA
L12,-0.00162158379407742,NA,NA
C17,0.00521098397129142,NA,NA
W5:L6,-0.00793078415280778,NA,NA
M5:N20,-0.010358132599579,NA,NA
C2:L25,-0.00547470716495186,NA,NA
M11:Y29,-0.0190301469145186,NA,NA
W22:R24,-0.0126602244086401,NA,NA
C9:R16,-0.00509807832336322,NA,NA
E5:W26,-0.0196999114017705,NA,NA
H15:C25,0.0157056375543771,NA,NA
T7:W17,0.0214115305304346,NA,NA
V17:Y18,0.0122234484018749,NA,NA
D7:W14,0.0167574663660999,NA,NA
N27:C29,0.0168173804060504,NA,NA
A12:M25,0.0084184397587256,NA,NA
R7:R9,0.00660501695127406,NA,NA
W7:T11,0.0107556714043777,NA,NA
Y13:F15,0.0170590333935902,NA,NA
W13:E22,0.0161100631913616,NA,NA
D8:W13,-0.0153915703716892,NA,NA
H5:H7,0.0116752193480689,NA,NA
N4:Y18,0.0133492339353238,NA,NA
H5:H22,0.0139956140520013,NA,NA
W12:G16,0.0173802100929969,NA,NA
M21:V29,0.00912464087152963,NA,NA
C5:F22,0.0172990659709662,NA,NA
C2:H18,0.0159652835985622,NA,NA
D2:W6,0.0152841089587492,NA,NA
L24:V26:L30,-0.0167881144002962,NA,NA
E25:L28:L29,0.0120843443946729,NA,NA
L27:E29:A30,0.00188267779107119,NA,NA
Q2,-0.00209326204019362,NA,NA
E13,0.00101671632765256,NA,NA
I13,-0.00214905625503214,NA,NA
T19,0.00214796577593514,NA,NA
W14:A30,0.0198320046123834,NA,NA
R26:W27,-0.0185426065469223,NA,NA
W4:I18,0.0157389965506473,NA,NA
A12:W26,-0.021619003982628,NA,NA
T15:C17,-0.00914106139017806,NA,NA
K26:C30,0.0127192176729411,NA,NA
C3:C11,0.0117929017319482,NA,NA
C21:C24,0.00265883346670399,NA,NA
W10:V17,0.0154214440546428,NA,NA
C7:N29,0.0156164796433871,NA,NA
G2:W11,0.0169452503928201,NA,NA
Y10:Y22,0.0169220207289181,NA,NA
A27:A28:A30,0.0373153292054182,NA,NA
L25:S27:L30,-0.0117491090405159,NA,NA
L28:G29:L30,0.0168564898229537,NA,NA
T6,-0.00165408867005044,NA,NA
G13,0.00133375568514225,NA,NA
P18,-0.00135252382799801,NA,NA
I24,-0.000583266037778555,NA,NA
W8:L14,-0.00421024599230491,NA,NA
W2:V27,0.0184751304206154,NA,NA
K4:W30,-0.019077068002508,NA,NA
L25:W26,0.0122690312648766,NA,NA
V9:W18,0.011474366310137,NA,NA
C14:H22,0.0162746437910978,NA,NA
C9:D24,0.0101627787351632,NA,NA
E9:W21,-0.0162360855359896,NA,NA
W9:A26,0.0174783366969227,NA,NA
W6:D9,0.0176469080900595,NA,NA
C16:H19,0.0148725838974247,NA,NA
C10:N24,0.0139984238088111,NA,NA
Y10:C23,0.0135144647135116,NA,NA
Y20:Y22,0.0179752281903146,NA,NA
F5:C16,0.0128821321659125,NA,NA
Y13:Y17,0.0165756267705112,NA,NA
L26:L29:L30,-0.00427781255561752,NA,NA
L24:L25:G28,-0.0090131149725685,NA,NA
L24:K26:A29,0.0144985579685417,NA,NA
E26:A29:L30,0.0107177416514559,NA,NA
E24:L26:L28,0.00662480783575131,NA,NA
L24:L26:K30,0.011149467201666,NA,NA
L26:R27:A29,0.0135402569874345,NA,NA
H1,-0.0024937038130874,NA,NA
H3,0.00370826192333847,NA,NA
N4,-0.00213487296753165,NA,NA
Y24,0.00416645350561676,NA,NA
W11:L17,-0.00931722717346588,NA,NA
Q25:W30,-0.0161206425259675,NA,NA
I13:W22,0.0149078854730758,NA,NA
W28:L30,-0.0157466840429638,NA,NA
W2:I30,-0.0149906443823511,NA,NA
W7:G20,-0.0108701769276812,NA,NA
W2:L4,-0.0101731997854434,NA,NA
W8:G16,0.0126877459467677,NA,NA
Y4:H24,0.0164605787266907,NA,NA
M7:F16,0.0150512233624161,NA,NA
C8:C23,0.0134401755432309,NA,NA
H4:C22,0.0142402320923381,NA,NA
W2:A28,0.0140061395030874,NA,NA
F1:H13,0.0135263766198031,NA,NA
W4:G27,-0.0127890358965762,NA,NA
P9:W12,0.0153508302464742,NA,NA
C10:C26,0.00827743413231377,NA,NA
Y1:Y7,0.0165497389089049,NA,NA
Y18:Y20,0.015557603476533,NA,NA
P5:W12,0.0195815985139606,NA,NA
G28:G29:G30,-0.00301917052065544,NA,NA
S25:L29:L30,-0.0095474610658822,NA,NA
L26:A27:A28,-0.0124086983394225,NA,NA
G27:G28:G30,-0.0113462320902631,NA,NA
Q10,0.00135821168299744,NA,NA
V13,-0.00146107596729593,NA,NA
T16,0.00144014503902086,NA,NA
G17,0.00127624954352381,NA,NA
I28,-0.00216903579428036,NA,NA
W20:A30,0.018558678962337,NA,NA
Y15:M29,-0.0135084986825473,NA,NA
M10:H30,-0.0146716937148001,NA,NA
K17:W28,-0.0208560839185964,NA,NA
K7:W27,-0.0172935963036685,NA,NA
D13:M30,0.0104720572386881,NA,NA
N11:H13,0.0145613360884088,NA,NA
G24:C26,0.0121035591539544,NA,NA
C5:Y28,0.0148761367214436,NA,NA
C18:C30,0.00581152957650865,NA,NA
W15:D18,0.0149185542291535,NA,NA
C1:C13,0.0104392120654845,NA,NA
W5:E27,0.0210969357909085,NA,NA
T24:L26:L28,-0.0128242223628561,NA,NA
E3,0.00137412095193433,NA,NA
K18,0.00085415694491857,NA,NA
K7:W21,-0.014421209162389,NA,NA
W15:V23,-0.00639912763796397,NA,NA
P11:W21,0.00931133952564328,NA,NA
F4:H13,0.013401385432806,NA,NA
M12:M25,0.015420816047689,NA,NA
W12:D15,-0.0142479270690909,NA,NA
Y5:Y10,0.0133978031313834,NA,NA
G6:W14,0.0121017870003221,NA,NA
C3:C29,0.00843933930777715,NA,NA
W4:D19,0.0133819642226219,NA,NA
L26:E27:R28,-0.0127036581070943,NA,NA
D24:L27:L28,0.0177920072232775,NA,NA
G8,-0.00129232466118788,NA,NA
Y9,-0.00403044410629329,NA,NA
C13,0.00287426300704892,NA,NA
K15,-0.00127551340856307,NA,NA
S24,0.00160343681848809,NA,NA
I4:C24,-0.0164352973493718,NA,NA
W11:L23,0.0157578523492975,NA,NA
K11:W30,-0.0136653576446662,NA,NA
W15:L20,-0.00855646340983333,NA,NA
I2:W20,-0.0121054615199616,NA,NA
Y1:I2,-0.00976952953461735,NA,NA
C8:N28,0.0129816620717365,NA,NA
H17:Y28,0.0135840115569653,NA,NA
Y12:Y17,0.0161402337765002,NA,NA
Q12:W16,-0.0117263059898815,NA,NA
Y6:H26,0.0109003015928028,NA,NA
W6:Q11,0.020582103623298,NA,NA
H14:H25,0.0120985424691623,NA,NA
N3:Y6,0.0132038848156694,NA,NA
D5:W12,0.0145688219740688,NA,NA
Y4:Y6,0.0105704691168632,NA,NA
D3:C29,0.0149766695008655,NA,NA
H4:Y12,0.0169254781476409,NA,NA
Y5:Y9,0.0158192147409208,NA,NA
A26:A27:A30,-0.00503626678999588,NA,NA
E4,-0.00111423587051642,NA,NA
A6,0.00103208634004923,NA,NA
N7,0.00165980380104376,NA,NA
T9,0.00122833857803162,NA,NA
N16,-0.00138254573314751,NA,NA
C13:N30,-0.0138431546426778,NA,NA
W4:T15,-0.0130987485501771,NA,NA
H20:F24,-0.0100991296476215,NA,NA
C22:F30,-0.013160902019781,NA,NA
N1:M4,0.00972907959816859,NA,NA
N10:C12,0.0167356491916117,NA,NA
Y1:H24,0.0168422231782511,NA,NA
Y7:H20,0.0174738158492438,NA,NA
C19:C22,0.00184755359469534,NA,NA
N10:N12,0.00779472556766436,NA,NA
C1:C12,-0.01428848922647,NA,NA
I13:Y17,0.0141166606949655,NA,NA
W8:T25,0.0225701992792006,NA,NA
Y6:Y18,0.0148045115901116,NA,NA
C22:C26,-0.0159376121393605,NA,NA
P7:W23,0.0102265618963484,NA,NA
N4:C11,0.0152128641271869,NA,NA
H7:C30,0.0165001976349462,NA,NA
C3:C21,0.007458467733945,NA,NA
A27:L28:A30,0.0227569212213092,NA,NA
A25:A28:A30,-0.00658729965938886,NA,NA
L24:L25:L29,-0.00741888549336154,NA,NA
V24:S26:L27,0.0107110357860106,NA,NA
E24:L28:R29,0.0134887048470733,NA,NA
L24:E26:A30,0.0145385706280441,NA,NA
Q14,0.00100465529254081,NA,NA
V14,-0.00174209229977953,NA,NA
V17,-0.00134613878655683,NA,NA
Y20,-0.00352232451295351,NA,NA
D21,0.00205767461855512,NA,NA
W16:I27,-0.00569575144568177,NA,NA
W14:T25,-0.00852213090550252,NA,NA
W14:R28,0.01893939787511,NA,NA
D6:C9,0.0136804822903317,NA,NA
F15:Y20,0.00952242355437611,NA,NA
W8:I15,0.0185700224826356,NA,NA
Y10:Y26,0.0104188542808942,NA,NA
Y9:Y19,0.0150200633364592,NA,NA
K5:C9,0.00662674411939891,NA,NA
N3:H12,0.0144955073150846,NA,NA
W6:T18,0.0190270170119513,NA,NA
C9:C27,0.0136839931162526,NA,NA
L27:P28:S29,0.0108315668869513,NA,NA
T3,-0.000540407388603056,NA,NA
I3,0.00222369834878451,NA,NA
N8,0.00147997883478626,NA,NA
A11,0.000880993683245883,NA,NA
Q13,0.00167930073694281,NA,NA
Y17,-0.0031710282184873,NA,NA
P29,-0.00170366504005961,NA,NA
W17:V21,-0.00502637508566837,NA,NA
M2:F14,-0.0123158782860674,NA,NA
W11:A18,-0.00953159676459926,NA,NA
W2:T12,-0.0108324767178365,NA,NA
W2:P19,-0.0121696142764343,NA,NA
C15:H19,-0.0134945496403902,NA,NA
C2:R27,-0.0100913350019855,NA,NA
W5:A11,0.0158658698776599,NA,NA
N3:C29,0.0164653036503928,NA,NA
Y9:C23,0.0163464381368636,NA,NA
C8:C29,-0.0146892586549661,NA,NA
W8:G15,0.0128705741520467,NA,NA
C11:C17,0.0111266706098852,NA,NA
C22:C29,0.0105013273487105,NA,NA
C5:C7,0.0159359118260159,NA,NA
L28:E29:L30,0.0114368081536576,NA,NA
L25:L28:R29,0.0145143128778938,NA,NA
W1,0.00601342071446467,NA,NA
W25:L27,-0.0121222596322632,NA,NA
F14:C27,-0.00802080447839449,NA,NA
M5:F27,-0.0128543365712138,NA,NA
L6:Y8,-0.00466614970444484,NA,NA
H24:Q25,0.00698035678234751,NA,NA
W10:E28,-0.0118829656016595,NA,NA
M5:Y12,0.0124289369773379,NA,NA
W10:P16,0.0124650916403411,NA,NA
C12:C13,0.0103581140158022,NA,NA
W11:G27,0.0145540089051414,NA,NA
E15:W18,0.0128020313647254,NA,NA
W6:D11,0.0164060140732902,NA,NA
Y5:C10,0.0112755909927555,NA,NA
N3:C14,0.0138247956624872,NA,NA
L27:A28:A30,0.020230920633108,NA,NA
A28:L29:Q30,0.00873672255323982,NA,NA
L26:A29:E30,-0.0176929767087521,NA,NA
L23,-0.000608091520886215,NA,NA
I23,0.00202209810635144,NA,NA
F10:C26,0.0180349304162158,NA,NA
L1:W8,0.0148586411223825,NA,NA
W11:K14,-0.00596435413768279,NA,NA
G28:W30,0.0100737922365906,NA,NA
C14:H15,0.0135495999950544,NA,NA
W2:E18,-0.011431824439478,NA,NA
D10:W14,0.0169758037762051,NA,NA
Y21:Y23,0.00819654902848489,NA,NA
W5:P8,0.0124453736031297,NA,NA
F8:F11,0.0111541039016903,NA,NA
C6:G21,0.00764231272730827,NA,NA
G7:W18,0.0101648650807383,NA,NA
C15:C23,0.00126847046140214,NA,NA
W9:D10,0.0190371702548121,NA,NA
P24:L25:L26,-0.00615035212514069,NA,NA
L25:L29:E30,-0.0136783917133571,NA,NA
R27:R28:R29,0.0115937271578252,NA,NA
C3,-0.00182940093359796,NA,NA
L9,0.000832849878943076,NA,NA
Q18,-0.00156185267478893,NA,NA
K12:W29,-0.0133278178045992,NA,NA
A9:W13,-0.00989334166443696,NA,NA
W7:V11,-0.012368682447656,NA,NA
I26:Y28,-0.00803641414816591,NA,NA
M24:R26,0.00798782370876268,NA,NA
W7:S12,0.0114300031807513,NA,NA
C6:H22,0.00937711010784269,NA,NA
E3:C30,0.00807099356474324,NA,NA
C7:C28,-0.0163098348286477,NA,NA
H9:N25,0.0113239960836667,NA,NA
A24:G27:L29,0.0135972959590978,NA,NA
S28:S29:A30,0.0133039918058448,NA,NA
S26:S29:G30,-0.0116736504145893,NA,NA
C7,-0.00212405554686974,NA,NA
C11,-0.00602785614250833,NA,NA
N13,0.00159590786790648,NA,NA
C16,0.00176744523238375,NA,NA
T20,-0.00135441000901094,NA,NA
C17:F29,-0.013765184970055,NA,NA
W23:L26,0.0102799644377827,NA,NA
I25:M26,-0.0058213997362927,NA,NA
W7:K25,0.0122872851298459,NA,NA
N3:H17,0.0116324167255933,NA,NA
Y1:Y6,0.0134221806686003,NA,NA
H1:M5,0.0159249924518873,NA,NA
E20:W21,0.0144233390926368,NA,NA
F5:C7,0.0148882850061125,NA,NA
D1:W4,0.0111741424363303,NA,NA
C10:C22,0.00354230049260332,NA,NA
L26:A28:A30,0.0222102389963295,NA,NA
L24:L25:V29,0.0185457006186197,NA,NA
P24:A26:P27,0.0131724437642231,NA,NA
L24:R25:E30,0.00742391673034005,NA,NA
V24:L27:E30,0.00669593279287871,NA,NA
L24:L26:D28,0.00551186510308675,NA,NA
Y1,-0.00204957014910896,NA,NA
Y3,0.00372699202786095,NA,NA
G6,0.000799015923307818,NA,NA
H17,-0.00120298523225737,NA,NA
V23,-0.000470568903091729,NA,NA
T27,-0.00145862172420621,NA,NA
M15:Y24,-0.0119001475533711,NA,NA
W3:T28,-0.00503942861543353,NA,NA
H2:M17,-0.00884094580472363,NA,NA
Y6:M12,-0.0142707296044341,NA,NA
N3:F5,0.00952739400127941,NA,NA
I20:M23,0.0105315811017639,NA,NA
H9:H11,0.010154398367049,NA,NA
H5:H15,0.00364060739107779,NA,NA
W21:G22,0.0103265552576072,NA,NA
C16:I27,0.00998226454681226,NA,NA
E25:E29:A30,-0.0136292880282066,NA,NA
R1,-0.000897115542154442,NA,NA
D8,0.00156769392679512,NA,NA
H11,0.00242007298336478,NA,NA
I11,-0.000417494151515366,NA,NA
Y11,-0.00126553504829888,NA,NA
A17,0.00133883595902603,NA,NA
Y18,-0.00246804319153296,NA,NA
W18,-0.00645570421737507,NA,NA
W20,-0.00552558412882898,NA,NA
I12:W17,0.0135895732915304,NA,NA
W18:T24,-0.00736185492190514,NA,NA
Y20:I26,0.0124240735181705,NA,NA
H1:Y18,-0.00876722414003968,NA,NA
W11:K24,-0.00706659586315023,NA,NA
C15:C28,0.00532789805027591,NA,NA
M6:Y13,0.0164269734067619,NA,NA
W27:D30,0.0108833587671706,NA,NA
D1:W2,0.0129541942573822,NA,NA
W14:G25,0.0115319332871605,NA,NA
Q1:W11,0.0156810469038449,NA,NA
L27:L28:L29,-0.00889995564019672,NA,NA
D3,-0.00140219610803072,NA,NA
E5,0.000838087927531532,NA,NA
V5,-0.00108815009167446,NA,NA
Q23,-0.00087963927398122,NA,NA
Y23,0.00435049394317205,NA,NA
C6:F14,0.0177091010032629,NA,NA
W22:G27,0.00826640711927669,NA,NA
G11:W13,0.0137412788416136,NA,NA
N10:H12,0.0117170291774697,NA,NA
G11:W12,0.00841653432851507,NA,NA
F1:C6,0.0109892988566347,NA,NA
C5:F13,0.0132442353099671,NA,NA
G24:G28:S30,0.0109077728510118,NA,NA
V6,-0.00138909768345957,NA,NA
H12,-0.00208285122398763,NA,NA
G18,0.00147852764434418,NA,NA
W23:L28,0.0101660364849384,NA,NA
W7:V25,0.0127468110010593,NA,NA
C15:Q28,-0.0115123508429719,NA,NA
C16:F21,-0.0112305904733584,NA,NA
Y21:Y28,0.00837619576634633,NA,NA
D7:W20,0.0135094651722049,NA,NA
Y12:C26,0.0156074340964779,NA,NA
D5:C30,0.0117243641562773,NA,NA
N25:C26,0.0105320641329095,NA,NA
M10:Y17,0.0104366633051731,NA,NA
W18:E30,0.0123268429042671,NA,NA
W7:D20,0.0100534910506822,NA,NA
L24:L25:L28,-0.00523682685793025,NA,NA
L25:L26:G28,-0.00794730223263825,NA,NA
L24:D27:L28,0.01392265976579,NA,NA
G28:S29:G30,0.0197461055286103,NA,NA
H10,-0.00155007424390074,NA,NA
C24,0.00508649189948434,NA,NA
T3:W7,-0.00964087312845773,NA,NA
W11:L21,0.0110940186974568,NA,NA
W4:I26,0.0136650589725809,NA,NA
W4:L6,0.00927945805850475,NA,NA
H19:C23,-0.00658847842952671,NA,NA
Y10:Y12,0.0116112768365397,NA,NA
W8:D15,0.012055907461337,NA,NA
C4:Y30,0.00778593960838368,NA,NA
Y2:Y9,0.00807562687229506,NA,NA
H8:F23,0.00521838126892905,NA,NA
H6:H20,0.0116201235300261,NA,NA
C2:C20,-0.0175877831266421,NA,NA
D26:C29,0.0086320871157534,NA,NA
C14:C23,-0.0180542600869324,NA,NA
E28:E29:E30,-0.00593125464490371,NA,NA
L26:L27:L29,0.0120905994019854,NA,NA
T25:L26:L27,0.0147634430031068,NA,NA
L24:L25:A30,0.0106348474475525,NA,NA
L26:P28:L30,-0.0096529174140719,NA,NA
E26:I27:L30,0.00776915286328623,NA,NA
W3,-0.00539888498799696,NA,NA
A4,0.00114421591579575,NA,NA
R20,-0.00096499482050286,NA,NA
L5:W6,-0.00312561625062482,NA,NA
F8:C15,-0.010055316342493,NA,NA
W8:L29,-0.00562273385741708,NA,NA
W14:S29,0.011992343651706,NA,NA
H18:H23,0.00827092995004479,NA,NA
Y19:C21,-0.011719085753587,NA,NA
C5:D16,0.0132452618808696,NA,NA
H5:M21,0.00666872850196304,NA,NA
E23:W25,0.00472713425930131,NA,NA
C12:C20,0.00750508567437465,NA,NA
W10:T30,0.0122923844983093,NA,NA
F9:N22,0.0092105613707814,NA,NA
E21,-0.000916018115550426,NA,NA
G21,-0.000918938297954571,NA,NA
H2:Y24,-0.0123801247939848,NA,NA
L4:W9,0.00963436407500461,NA,NA
F15:L28,-0.00156483277168213,NA,NA
M12:H14,-0.0111940515668168,NA,NA
Y14:M28,-0.0092991224262905,NA,NA
F10:C28,-0.00496185731387156,NA,NA
H3:C9,-0.012042009103313,NA,NA
W6:L12,-0.00295404377246,NA,NA
E9:W11,-0.0103003386596922,NA,NA
H1:H5,0.00600096948279083,NA,NA
D23:C26,0.0102524357358423,NA,NA
P8:W12,0.0109359096815543,NA,NA
Y8:C19,0.0111972476253219,NA,NA
W16:D19,-0.00847516489402237,NA,NA
W12:K16,0.0104997586353505,NA,NA
W7:K22,0.00714069498079278,NA,NA
G25:L26:L29,-0.013310433394356,NA,NA
H6,-0.00182161621570947,NA,NA
M13,-0.0015572619810727,NA,NA
T25,-0.00077341152219365,NA,NA
W2:L8,-0.00808184946201499,NA,NA
Y25:M30,-0.00972265791773289,NA,NA
C23:R28,-0.00642026695048967,NA,NA
C5:Y25,0.0117502994967687,NA,NA
F17:N27,0.00700549246593865,NA,NA
F3:I6,0.00640111852190824,NA,NA
W3:D28,0.0138989209699834,NA,NA
Y15:Y27,0.00745711188736678,NA,NA
W1:D4,0.00937880469139208,NA,NA
C11:Y20,0.0116840168365601,NA,NA
Y18:Y25,0.00793342099436393,NA,NA
W8:D19,0.0127340797139277,NA,NA
C6:C23,0.00528795710956838,NA,NA
L26:L29:A30,-0.0145841087127895,NA,NA
M8,-0.00213904046521706,NA,NA
M10,0.00220694933507184,NA,NA
P30,-0.00210477464792894,NA,NA
L8:W19,0.00882985923969171,NA,NA
F25:F28,0.00212092189109547,NA,NA
N5:C25,0.00971532066997256,NA,NA
S14:W17,-0.0085711690358275,NA,NA
C11:C25,0.00975394369276172,NA,NA
C6:C17,-0.0148944568135224,NA,NA
W3:D11,0.0113606569909388,NA,NA
L26:L27:V30,-0.00604714211508378,NA,NA
H2,0.00246078330612158,NA,NA
I7,0.00169725997657015,NA,NA
R12:W26,-0.01092339160427,NA,NA
G4:W15,-0.00773872395848413,NA,NA
G13:W30,0.00384047976841419,NA,NA
Y6:C11,0.00847503867611293,NA,NA
D28:W30,0.00495492817637877,NA,NA
C10:C23,0.00373361545013894,NA,NA
W10:K12,0.0123252934281278,NA,NA
L26:A28:G30,0.0153959890991821,NA,NA
S26:S28:G30,-0.00699163635804921,NA,NA
R13,0.00118248882926894,NA,NA
G19,-0.000328649809565325,NA,NA
Y24:F29,-0.0111094810934,NA,NA
W1:A4,0.00824286106820712,NA,NA
W18:R21,0.0112590670607127,NA,NA
I12:M20,0.00741376785680187,NA,NA
Y8:C10,0.00935632790033592,NA,NA
I9,-0.00127555316291639,NA,NA
C10:F23,-0.00568399208815,NA,NA
W11:V25,0.0115084903097271,NA,NA
Y9:Y17,0.00845088781732416,NA,NA
Y22:Y26,-0.00889225177498228,NA,NA
W6:P18,0.0119091318685811,NA,NA
M16:M25,0.00919412624080809,NA,NA
D7:W22,0.00762942491966042,NA,NA
W7:K8,0.00882020967845123,NA,NA
C14:C28,-0.0128817314969525,NA,NA
D24:C27,0.00844698973496713,NA,NA
C18:C28,-0.0132389598496626,NA,NA
L26:L27:L30,-0.00317561374228226,NA,NA
G24:G27:G28,0.00847284409731556,NA,NA
K25:L26:L29,0.00618888413074407,NA,NA
T19:Y24,-0.00747708192094692,NA,NA
Q2:W4,0.00891697692482202,NA,NA
W24:D26,-0.0143499352813655,NA,NA
W13:E14,0.00886857728751619,NA,NA
C16:C26,-0.0124553897630611,NA,NA
C12:C22,-0.0155377817219574,NA,NA
D2:W5,0.0104749880132767,NA,NA
C6:C26,0.0104580609889795,NA,NA
C5:C27,-0.0188156538314165,NA,NA
E1:W4,0.00927107851266934,NA,NA
L24:L28:V29,-0.00866390765544648,NA,NA
T8,0.000649739947340682,NA,NA
I8,0.00122388372631126,NA,NA
G12,0.000611800095043193,NA,NA
C24:F30,-0.00989493117175004,NA,NA
W3:L12,-0.0024828873500129,NA,NA
H4:F6,-0.00371992455289654,NA,NA
D21:C25,0.00551742400066405,NA,NA
Y6:Y13,0.00914158773336394,NA,NA
E10:W11,-0.00965874239408804,NA,NA
W10:T21,0.00976212149142402,NA,NA
W10:D15,0.0104441397568852,NA,NA
M17:Q18,0.00693287136354887,NA,NA
C2:F27,0.00683707477213649,NA,NA
C12:C25,0.00898789270716027,NA,NA
G25:L27:L28,0.0096382242405201,NA,NA
S8,-0.000640553522297138,NA,NA
I10,0.00126117474509802,NA,NA
T1:W5,-0.00448750499588836,NA,NA
I17:W29,-0.01036047931645,NA,NA
F15:C21,-0.00624186377431526,NA,NA
W5:L24,0.0109602564738801,NA,NA
W12:E28,-0.00472047385025995,NA,NA
N9:Y12,0.00761357623158195,NA,NA
W8:D30,0.012106364222854,NA,NA
C1:H24,0.00804561013094779,NA,NA
H9:F12,0.00816066334847917,NA,NA
C4:C6,-0.00862505854842985,NA,NA
Y3:Y11,0.00668381360308005,NA,NA
G7:W24,0.0053115905678166,NA,NA
C8:C12,-0.0125659586655878,NA,NA
C21:C27,-0.0143883494771814,NA,NA
C18:C27,0.0070766631020107,NA,NA
L26:L27:V29,0.0161550881580681,NA,NA
E24:E29:A30,-0.0115207765806903,NA,NA
N12,0.000441666778462758,NA,NA
T24,-0.000663354600762626,NA,NA
F1:M3,-0.00962885577020069,NA,NA
W15:V27,-0.00587578110815057,NA,NA
W14:V25,-0.0060781180511501,NA,NA
F5:M26,-0.00491973010965936,NA,NA
C5:F19,0.00908911860952992,NA,NA
F15:C22,0.00913387972479887,NA,NA
M6:M7,-0.0104604813985769,NA,NA
G4:W8,0.00963548925158465,NA,NA
D7:W30,0.00163722024690675,NA,NA
Y28:Y30,0.0053474077607629,NA,NA
C7:C16,-0.00963980690977639,NA,NA
W11:D12,0.00979514122473659,NA,NA
C12:C26,0.0141316901398384,NA,NA
L25:F28:L29,0.00916866166532166,NA,NA
L25:L27:L29,-0.00396967741580286,NA,NA
Y6,-0.00217935450363509,NA,NA
Y12,-0.00219671107701608,NA,NA
G15,0.000834305080329372,NA,NA
W7:L18,0.00644564819919499,NA,NA
I2:W14,0.00931451180571594,NA,NA
I4:C15,-0.00958230663423798,NA,NA
V2:W15,0.0114306996750347,NA,NA
C9:C18,-0.0115637442565338,NA,NA
C6:C20,0.00482586849037895,NA,NA
F5:Y22,0.00867271946156877,NA,NA
H10:F13,0.00748698806756152,NA,NA
Y1:M14,0.00979010276224932,NA,NA
C12:C21,-0.0106941857149771,NA,NA
P1:W14,0.0103767775427908,NA,NA
L26:L28:A30,0.00913300929757525,NA,NA
E26:E27:A30,0.00726740031079307,NA,NA
D4,-0.00135970341477178,NA,NA
D11,0.000817551275694842,NA,NA
W2:I6,-0.00665720707919828,NA,NA
W7:L11,-0.00804624937164509,NA,NA
W15:L21,-0.00365598994033468,NA,NA
H9:Y19,0.0102094047170398,NA,NA
H10:H22,-0.00554762367106647,NA,NA
C6:C29,0.00308746348299327,NA,NA
L24:A29:E30,0.00472466786498175,NA,NA
A24:L28:E29,0.00437057896766917,NA,NA
F1:H22,0.00842938003136707,NA,NA
K2:W17,-0.00599238731517652,NA,NA
D4:C29,0.00748355612830343,NA,NA
E21:W22,0.00861982856226697,NA,NA
C7:C27,-0.00675031500890399,NA,NA
C21:C26,-0.0157717155990612,NA,NA
C13:C22,-0.0130163327022715,NA,NA
W5:V24,0.00882989942194115,NA,NA
H10:Y17,0.00865434747293716,NA,NA
C5:C12,0.00245796217475932,NA,NA
A26:E29:E30,0.00774773690702941,NA,NA
L25:L28:K29,0.00745006754352475,NA,NA
Q4,0.000859502564203067,NA,NA
S4,0.000892269715784481,NA,NA
L1:W6,0.00959668719544283,NA,NA
C9:V27,-0.00303144831219318,NA,NA
N15:N19,0.0029936908610555,NA,NA
D14:W20,0.0068623275311532,NA,NA
W19:D30,0.00832504462177872,NA,NA
G9:W12,0.0092053710568352,NA,NA
C10:F14,0.00372816011767384,NA,NA
C20:C22,0.00472718758212263,NA,NA
D16:W19,0.00986854310009,NA,NA
M16,-0.00158736653524768,NA,NA
M19,0.00109188148377259,NA,NA
W23,0.00170123084954935,NA,NA
Q24,-0.00052921759586356,NA,NA
W2:V26,-0.00613332137682079,NA,NA
W1:L2,-0.00837767922424746,NA,NA
N6:C20,0.0071782891111179,NA,NA
G11:W18,0.00980989293499832,NA,NA
Y10:M19,0.00592479372778649,NA,NA
Y24:H25,0.00406497784706217,NA,NA
Y3:Y10,-0.00698406921316818,NA,NA
C4:C26,0.00746250189170534,NA,NA
R24:L26:L27,-0.00813716195249778,NA,NA
A28:E29:A30,-0.0136894450042674,NA,NA
L24:L26:K29,0.00551206471714336,NA,NA
N10,-0.00142214531853636,NA,NA
R12,-0.00115500352493838,NA,NA
K1:W12,0.0116164883354764,NA,NA
F15:C25,-0.00385367277609825,NA,NA
F17:H24,-0.00532087954317135,NA,NA
D11:W12,-0.00607130342263408,NA,NA
D8:W21,-0.0104126126746411,NA,NA
C12:C17,0.00796014865802669,NA,NA
L26:A27:A30,-0.00809576032465215,NA,NA
L28:E29:A30,-0.0144105296547357,NA,NA
N9,-0.00105802140065479,NA,NA
N14,-0.00161174389155917,NA,NA
H15,-0.00223314733269446,NA,NA
C17:H27,-0.00959120868162848,NA,NA
M10:F29,-0.00749053273224605,NA,NA
D6:C10,0.00729228571354871,NA,NA
C9:N21,0.00757547764930764,NA,NA
D5:W11,-0.005467649276504,NA,NA
W18:D24,0.00735466019995818,NA,NA
W22:T26,0.0072577385891946,NA,NA
C2:C14,-0.010641700694517,NA,NA
H11:H12,0.00686112226412496,NA,NA
Y5:C7,0.00512660156278028,NA,NA
L24:L27:V29,0.0117418913133399,NA,NA
L25:L28:G30,-0.0105990881629629,NA,NA
S7,-0.000435454910329817,NA,NA
S12,-0.00057434578401455,NA,NA
L13:W14,0.00700567014009373,NA,NA
W9:Q19,0.0111530573103006,NA,NA
W11:E28,0.00824333682810544,NA,NA
Y7:C9,0.00662797653583158,NA,NA
Y10:C12,0.00851597404817692,NA,NA
W1:G12,0.00411683921816959,NA,NA
C28:C29,0.00820895208862532,NA,NA
G24:G25:G30,0.0097210601229103,NA,NA
C4:R6,0.0069008103410897,NA,NA
C6:Y20,-0.00598534329964196,NA,NA
H14:Y18,0.00844647925724956,NA,NA
W23:E24,0.00470796646767795,NA,NA
W13:S30,0.00902573730428073,NA,NA
Y8:Y10,0.00599091082585354,NA,NA
L26:L27:L28,0.00771882648028334,NA,NA
D26:E29:E30,0.0071353794419068,NA,NA
G25:G29:S30,0.00931696734044206,NA,NA
C25,-0.00175769936097433,NA,NA
L1:W2,0.00707326110033511,NA,NA
C7:Y10,-0.00491766064461637,NA,NA
V17:C21,-0.00468891163930467,NA,NA
F17:C29,0.00842581834403743,NA,NA
C21:Y25,0.00384088475056783,NA,NA
W2:E5,0.0048880134960783,NA,NA
D3:W19,0.00823428262705308,NA,NA
C13:C27,0.00600911228947773,NA,NA
G14,0.000372784813050325,NA,NA
E18,0.00101098952627195,NA,NA
R6:C24,-0.00611800788381585,NA,NA
Y26:V29,0.00452635456043618,NA,NA
C21:C25,-0.00982899938485488,NA,NA
Y18:Y26,-0.00625392359060402,NA,NA
Y19:Y26,0.00413978647622277,NA,NA
G26:G29:S30,-0.00652672831415734,NA,NA
R6,0.000976296809785761,NA,NA
C19,0.00086682908708969,NA,NA
Y18:C29,-0.00275017161069626,NA,NA
W1:V23,-0.00617055945043051,NA,NA
C4:C13,0.00540059875707145,NA,NA
L26:L27:A30,0.00494307697905843,NA,NA
I6,-0.000561657850596961,NA,NA
S13,-0.000132689092402097,NA,NA
L4:W10,0.00446375664374847,NA,NA
W11:L28,0.008785748784373,NA,NA
V24:W30,0.00518385724232135,NA,NA
K13:C28,-0.00358822737591098,NA,NA
W2:I7,-0.00759732089885655,NA,NA
W2:Q16,0.00732858850515957,NA,NA
E7:W11,0.00715011816746703,NA,NA
W7:E17,-0.00775290361266914,NA,NA
W14:E17,-0.00419566334102238,NA,NA
L25:L26:A30,-0.00855558369584119,NA,NA
L24:L26:R27,-0.006600545301452,NA,NA
T10,0.00069512410837251,NA,NA
I20,0.000643815230649263,NA,NA
G27,-0.000578618380341349,NA,NA
F2:M25,-0.00375671402364246,NA,NA
W13:V24,0.00778597258638602,NA,NA
Y13:I28,0.00612056210444787,NA,NA
W13:G21,0.00632977045690438,NA,NA
W8:R14,0.00641124694047499,NA,NA
K4:W23,-0.00716772619200641,NA,NA
C13:C29,-0.00969294923046837,NA,NA
Y11:C13,0.00491432404059649,NA,NA
L24:L25:T30,-0.00352405663191164,NA,NA
L24:L26:L28,-0.00856036765793785,NA,NA
R25:L29:L30,0.00617705982873453,NA,NA
R15,0.000629933068271891,NA,NA
V16,0.000677122219493168,NA,NA
H15:H16,0.00694698216588722,NA,NA
K1:C8,0.00427092632828084,NA,NA
E5:W6,0.00570961689100918,NA,NA
H10:C17,0.00456051409864957,NA,NA
Y25:C26,0.00504183279601386,NA,NA
W2:K19,-0.00644038000732193,NA,NA
H7:H19,-0.00617157000435547,NA,NA
R4,-0.000498568528594684,NA,NA
W19,-0.00372533933986053,NA,NA
W17:V26,0.00800192157098807,NA,NA
T14:W28,-0.00740598696455219,NA,NA
C19:N20,0.00238069699378958,NA,NA
N20:C23,0.00566636432727008,NA,NA
C9:C22,-0.00591670155413851,NA,NA
M6:Y20,0.00732089988738298,NA,NA
A24:A28:A30,0.00892853276675904,NA,NA
C14,-0.00154663057116305,NA,NA
W2:V16,-0.00412323241040291,NA,NA
C19:F25,0.00265167387617534,NA,NA
G9:W16,0.00601850451165283,NA,NA
W16:T18,-0.00674493490964244,NA,NA
D3:Y16,0.00403970080057784,NA,NA
Y14:Y30,-0.00740356011458083,NA,NA
S9,-0.00051385648278638,NA,NA
S11,0.000772300088540806,NA,NA
C5:P22,0.00707530462602397,NA,NA
W9:R10,-0.00274944301639086,NA,NA
F1:C12,-0.00300733027124109,NA,NA
W1:V6,-0.00540000726197997,NA,NA
Y8:Y15,0.00583919781960753,NA,NA
W8:D13,0.00661704714523504,NA,NA
C18:C22,-0.0120564761130571,NA,NA
H20:H21,0.00586186985098928,NA,NA
C13:C23,0.00138276344746439,NA,NA
C10:Y28,0.0055817843128202,NA,NA
T5,0.000597392999190748,NA,NA
R11,0.000753628649274099,NA,NA
W11:L29,0.00586846685612362,NA,NA
W18:V26,-0.00347274670159463,NA,NA
L1:W9,-0.00377183040947505,NA,NA
W9:S11,-0.00433764969817782,NA,NA
C1:F29,-0.00686872800995117,NA,NA
F20,0.000790294563499639,NA,NA
Q21,0.000547564396669413,NA,NA
R1:W3,0.00786876017413445,NA,NA
H24:H28,-0.00896505455304939,NA,NA
S5:W17,0.00638118576245451,NA,NA
C4,-0.00253664530043163,NA,NA
V19,-0.000559148817468107,NA,NA
W13:V19,0.00698747095323187,NA,NA
C4:P22,0.00541626868984857,NA,NA
C17:F28,-0.00542941080249576,NA,NA
M2:Y27,-0.00667258712817929,NA,NA
Q2:W24,0.00473464219280476,NA,NA
W11:P30,-0.00488611226923346,NA,NA
C11:C27,0.00506848269276623,NA,NA
V27:L28:L29,0.00553231245172254,NA,NA
L24:Q27:L28,0.00531165200032182,NA,NA
R5,-0.000386884579635214,NA,NA
M22,-0.00175956431634149,NA,NA
C10:P22,0.00608908147695293,NA,NA
R1:W28,-0.00589415730506105,NA,NA
M4:H15,0.00422288867695494,NA,NA
V8:W11,0.00635896306090904,NA,NA
W1:A21,-0.00806486127512027,NA,NA
W10:D12,0.00589050625497255,NA,NA
L25:L29:D30,0.00546273388033,NA,NA
M9,0.000622262012715557,NA,NA
W21:A28,-0.00444222148758197,NA,NA
W18:D29,0.00640388234595907,NA,NA
M2:Q3,0.00269236150399503,NA,NA
C2:C27,0.0049799841198144,NA,NA
C10:C28,-0.00774970734119825,NA,NA
Y17:Y25,0.00443039544228764,NA,NA
C2:C24,0.00436507881215636,NA,NA
Y10,-0.00135575857557564,NA,NA
V24,0.000443392756171361,NA,NA
C15:P27,0.00506115002864223,NA,NA
W1:P21,-0.00678734471755637,NA,NA
C10:F28,0.00419087386281444,NA,NA
W8:K12,0.00404573349615386,NA,NA
C7:C14,0.00417224631970762,NA,NA
C2:C13,-0.00926188742883699,NA,NA
L27:A29:A30,0.00565991081921392,NA,NA
L26:L27:G30,0.00434683859210265,NA,NA
L26:L27:T28,-0.00295233836846124,NA,NA
T24:L25:L26,0.00748606994166444,NA,NA
L25:L28:E29,0.00376256849910606,NA,NA
M20,-0.00125894030236728,NA,NA
F15:C26,-0.0024736950392008,NA,NA
W2:R18,-0.00388402334846949,NA,NA
E3:W7,0.00365426395155755,NA,NA
W25:D29,0.00187895522266158,NA,NA
C2:F4,0.00415584932494545,NA,NA
F2:H24,-0.00231391371884213,NA,NA
P1:W23,-0.00551610320577792,NA,NA
C16:C30,0.00333913261254426,NA,NA
W5:I16,0.00531169143238418,NA,NA
D4:W25,0.00320488894706123,NA,NA
C10:C21,-0.0054917824747665,NA,NA
C3:C12,-0.00313855367370724,NA,NA
L24:L28:L29,0.00630758977442073,NA,NA
L24:L26:L29,0.00443067451765697,NA,NA
R24:L25:L29,0.00374207669490392,NA,NA
E10,0.000290203409560624,NA,NA
N22,-0.000688950783188078,NA,NA
Y21:M27,0.00618572081685623,NA,NA
W3:G24,-0.00307577775282453,NA,NA
C22:C27,-0.00509637724325707,NA,NA
E24:L25:L28,-0.00553096342557515,NA,NA
C1,0.00205381221110385,NA,NA
Y3:D30,-0.00351631623338921,NA,NA
Y10:Y17,0.00518089300350178,NA,NA
C17:C29,-0.00652687487168981,NA,NA
S25:L26:A27,-0.00592522581344978,NA,NA
Q24:L25:L29,0.00465902739006701,NA,NA
S1,0.000513045176988958,NA,NA
N20,0.000572488736551349,NA,NA
Y8:C29,-0.0043603396064516,NA,NA
L8:W13,-0.00288124690803908,NA,NA
C2:C23,0.00273831176934326,NA,NA
C13:C16,0.000290317783514036,NA,NA
C6:C28,0.00320080854027338,NA,NA
F19,-0.000538816344075173,NA,NA
C2:H12,-0.0041758387607581,NA,NA
D6:F11,0.00234165617150995,NA,NA
W8:A16,0.00495743555900425,NA,NA
Q4:W17,0.00486592838788612,NA,NA
A27:P28:P30,-0.00472760467440335,NA,NA
F2:C28,0.0070084402138881,NA,NA
C19:R21,0.00383036427037059,NA,NA
M10:R24,-0.00298861117224959,NA,NA
C3:N16,0.00500926453188634,NA,NA
E6:W8,-0.00415290163625744,NA,NA
P2:W20,0.00589011176879762,NA,NA
W14:D29,0.00550316345389848,NA,NA
N12:C25,0.00372164670781046,NA,NA
N17,0.000705412230448022,NA,NA
T17,-0.000286767290101882,NA,NA
C2:F7,-0.00300096719490154,NA,NA
C15:F20,-0.00467210087900473,NA,NA
W9:L15,-0.00193077764242871,NA,NA
W13:L15,-0.00162032621299242,NA,NA
L21:W22,0.00273956222685695,NA,NA
K12:W25,-0.00647376112434551,NA,NA
C6:Y30,0.00359285089424751,NA,NA
Q3:W19,0.00592262566820059,NA,NA
W11:R24,0.00479277126935178,NA,NA
Y6:Y9,-0.00310521297856969,NA,NA
W20:P23,-0.00289888268074452,NA,NA
S25:E29:E30,-0.00483810754965728,NA,NA
W21,0.00291123162694596,NA,NA
L26:C27,0.00346994321392889,NA,NA
W20:V30,-0.00226764109635171,NA,NA
W6:A18,0.00539228776620722,NA,NA
M2:M14,0.00431181871000187,NA,NA
W20:Q25,-0.00343051917240451,NA,NA
W8:D11,0.00393102265460947,NA,NA
M14:Q26,0.00230545518407082,NA,NA
H26:H27,0.00203635861101002,NA,NA
W14:I30,0.0046282327678176,NA,NA
L25:A27:A30,-0.00417160895823161,NA,NA
L25:L28:Q30,0.00268192062646057,NA,NA
H4:H5,0.0028811107856893,NA,NA
Y3:Y6,-0.0036071560550479,NA,NA
W14:T23,0.00367697288323281,NA,NA
C18:C29,0.00369068924203177,NA,NA
S27:E29:E30,-0.00249546860483605,NA,NA
L25:A28:L29,-0.00401150367490001,NA,NA
H24,-0.00112033977232598,NA,NA
W8:L12,-0.00135588262184897,NA,NA
D4:W20,0.00453746741588699,NA,NA
C8:C17,0.00299748261996416,NA,NA
C8:C15,0.00325214523488865,NA,NA
R24:E29:E30,-0.00350791609907605,NA,NA
L27:V29:L30,-0.00235413347166438,NA,NA
Y21,-0.000796792376262524,NA,NA
I25:C27,-0.00106170196295245,NA,NA
Y13:A29,0.00306424465905791,NA,NA
Y1:D17,0.00247667275444254,NA,NA
W4:P17,0.00296523062485038,NA,NA
K15:W23,0.00329371348663311,NA,NA
W14:D16,0.00409672610636033,NA,NA
Y14,0.00114301350900484,NA,NA
W17:R24,0.00477922307736538,NA,NA
W4:D15,0.00296308483215558,NA,NA
L24:L25:V28,-0.00209204643638778,NA,NA
L26:L27:S30,0.00534380111920155,NA,NA
K2:W25,0.00369961895374596,NA,NA
N2:C28,0.00376332970405624,NA,NA
P24:C25,0.00349184007155633,NA,NA
L24:E29:A30,0.00127315970803069,NA,NA
P1,-0.000257946207253867,NA,NA
V10,0.000324690128013199,NA,NA
R12:W29,0.0027806793616968,NA,NA
D2:W15,0.00365824676839776,NA,NA
W9:D13,0.00505180137569956,NA,NA
W12:D17,-0.00221861612841829,NA,NA
C6:C11,-0.00708452764844016,NA,NA
Y12:Y16,0.00384413961402044,NA,NA
N19,0.000426854162772351,NA,NA
K24:M25,0.00127409968926546,NA,NA
A18:W26,-0.00489631618857194,NA,NA
W19:K23,0.00395565910759615,NA,NA
C3:C8,-0.00321831564796897,NA,NA
G29:W30,-0.0039197733553834,NA,NA
W7,0.00230234599108387,NA,NA
T18,0.000539684452284785,NA,NA
R2:F4,-0.000900253406595409,NA,NA
W11:P28,0.0049843132486441,NA,NA
C5:D25,0.00276020406967483,NA,NA
A10:W11,-0.00200581818635419,NA,NA
Y14:F15,-0.00286093473772779,NA,NA
C12:Y24,0.00339741564778016,NA,NA
M6,-0.000750809015169285,NA,NA
P27,0.000299590796284082,NA,NA
A24:A29:A30,0.00558636453716945,NA,NA
D22,0.000512077877721066,NA,NA
P12:C29,0.0035902497309178,NA,NA
C17:C27,-0.00461387913870682,NA,NA
R25:E29:E30,0.000732835823684301,NA,NA
R10,-0.000450413768477846,NA,NA
H18,-0.000289636689566566,NA,NA
C20:C28,0.000486693243601845,NA,NA
F24:M26,-0.00392731580656298,NA,NA
D18,-0.00020462949518211,NA,NA
P22:C24,0.00144926850340038,NA,NA
C12:C19,-0.00400220043077137,NA,NA
C12:N18,0.00276073081173957,NA,NA
C8:C18,-0.00375036656725289,NA,NA
C7:C26,-0.00342578356989431,NA,NA
S24:E29:E30,-0.00277820641970384,NA,NA
T11,-0.000102386522439887,NA,NA
D19,-0.000183662511448726,NA,NA
R2:C20,-0.00190510393274642,NA,NA
W15:A28,-0.001696260418855,NA,NA
W14:D27,0.00299335120298333,NA,NA
W11:G14,0.0021259521644449,NA,NA
M25:M30,0.00180170191663036,NA,NA
A24:A26:A30,-0.00243582792564629,NA,NA
W15:L26,0.00304364065845629,NA,NA
W15:E24,-0.00242055236516432,NA,NA
P6:W12,-0.00306949150854831,NA,NA
G12:W25,-0.004065101186409,NA,NA
Y18:Y23,0.00170160409792662,NA,NA
C2:C26,-0.00411298499144937,NA,NA
V6:W11,0.00312504649396719,NA,NA
F28:C29,-0.00202981047642328,NA,NA
W9:Q13,0.00347224697547109,NA,NA
E8:W10,0.0022282683635508,NA,NA
C3:C10,0.0022090762941301,NA,NA
L10:W13,-0.000241531879833163,NA,NA
W27:L29,-0.00238704128934627,NA,NA
A3,0.000526019504152237,NA,NA
E19,-2.16358590974421e-05,NA,NA
V6:W14,0.00329956270249392,NA,NA
Q18:W19,0.00326594569168682,NA,NA
R14:W28,-0.00328497252044149,NA,NA
L24:E29:E30,-0.00191674686333876,NA,NA
G16,-0.000308438787703412,NA,NA
Q20,-0.000259201979486462,NA,NA
C23,-0.000273339512271228,NA,NA
T12,0.000390372450734462,NA,NA
H9:H10,-0.00220694425830731,NA,NA
C6:C24,-0.00326905044252685,NA,NA
C11:C29,0.00158633023648934,NA,NA
C9:C26,-0.00270454782393235,NA,NA
E25:A29:A30,0.00336413615674182,NA,NA
Y30,0.000497478477487786,NA,NA
Q1:W13,0.00256470144635583,NA,NA
W1:S9,0.0014450978356821,NA,NA
M3,-0.000132884164565993,NA,NA
Y4:C28,-0.00149967765986918,NA,NA
C3:C13,0.00166777743113031,NA,NA
A28:A29:A30,-0.00231925943788192,NA,NA
F1,0.000379030361776725,NA,NA
C18:Y26,0.00149876859123619,NA,NA
M15:M18,0.00226468633489349,NA,NA
S27:L29:L30,-0.00139959216859144,NA,NA
Q15,-0.000157461253256535,NA,NA
L17:W18,0.00282539550392831,NA,NA
W4:I19,-0.00150480054000578,NA,NA
N1,-0.000353311598234129,NA,NA
M5,0.000575165093467588,NA,NA
H19,0.00049670216320877,NA,NA
V22,0.00034186841429607,NA,NA
W12:L28,-0.000655570586786356,NA,NA
Y23:C26,0.00165874815095874,NA,NA
E23:W24,-0.00272693449086866,NA,NA
W21:D27,-0.00312794705929127,NA,NA
I21,-0.00026869401342247,NA,NA
H6:C17,0.00197077978738977,NA,NA
I22:W25,-0.0028122726903452,NA,NA
C9:G28,0.000980941124990761,NA,NA
C23:C29,0.00221529993982688,NA,NA
W3:S16,0.00166863147901877,NA,NA
N6,-0.000325876513879199,NA,NA
Y16,-0.000583734928201958,NA,NA
C20,0.00063982958362715,NA,NA
W14:L26,0.00214929400439404,NA,NA
W3:L9,0.00207493623489663,NA,NA
C8:C14,0.00215391586139227,NA,NA
Y15:H17,0.00276875999860036,NA,NA
C2:C7,0.00269440585429676,NA,NA
N8:C19,-0.00275883618212765,NA,NA
M7,0.000349217917883669,NA,NA
F5:N17,0.00112239174535847,NA,NA
W1:L7,0.00133574481329484,NA,NA
T2:W21,-0.00199477460078197,NA,NA
C18:C24,-0.00253164412335884,NA,NA
C1:C22,0.000708000508638881,NA,NA
C12:C27,-0.0015451454604776,NA,NA
E23,0.00049346346808129,NA,NA
H18:C24,-0.00199016965856123,NA,NA
W17:E28,-0.00113462650731157,NA,NA
C2:C29,-0.0025832754753461,NA,NA
L24:A26:E29,0.00128910320547637,NA,NA
S5,0.00034315825101658,NA,NA
I5:Y30,-0.00115937655613982,NA,NA
W1:P14,-0.00249746097850007,NA,NA
C3:C30,-0.00205757443058725,NA,NA
L24:L25:G27,0.00314536514684404,NA,NA
L24:L26:A27,0.00174124463529092,NA,NA
N18,0.000198573124967048,NA,NA
W10:R24,0.00230432417261502,NA,NA
G16:W29,0.00116946447712739,NA,NA
L24:L25:A26,0.00189041638204592,NA,NA
Y13:C20,-0.00184223767869504,NA,NA
C2:C19,-0.00305778545394403,NA,NA
C26:C27,0.002862291352827,NA,NA
T14:W27,0.00133820609183309,NA,NA
K24:E29:E30,0.00156112501644743,NA,NA
A6:W8,0.0012758537248511,NA,NA
F1:M14,-0.00116925933894264,NA,NA
T7:W11,0.00170000438585351,NA,NA
W9:E19,0.00192711052165905,NA,NA
Y19,-0.000240863611526567,NA,NA
W26:T30,0.00183256306074921,NA,NA
A1:W12,0.00157074418134258,NA,NA
W4:V14,0.00148710276063639,NA,NA
G7:W17,0.00169152543901834,NA,NA
C4:C12,0.00165306792451292,NA,NA
Y23:Y27,-0.00144101913434637,NA,NA
L24:A29:A30,0.00173612901316195,NA,NA
R7,7.55220610391208e-05,NA,NA
P28,0.000143791529028248,NA,NA
K11:W12,0.00259345989062932,NA,NA
T2:W5,-0.00101843028527647,NA,NA
L6:W9,0.00120920371023232,NA,NA
M2:V27,0.000603207819401467,NA,NA
D5:Y6,0.00116197636621583,NA,NA
A5,0.0002721859374654,NA,NA
H8,0.00026448466207194,NA,NA
C4:C22,-0.00184168706441957,NA,NA
I1:W28,0.000710151277380725,NA,NA
C13:I16,0.00150123166189604,NA,NA
D19:C22,0.000887307293802184,NA,NA
D15:Y16,0.000901493366519143,NA,NA
C7:C18,-0.00174489823061802,NA,NA
Y5:F18,-0.000555461355928956,NA,NA
P15:W21,-0.00214332399385382,NA,NA
D4:W24,0.000807382582661864,NA,NA
I12,-0.000144254738051187,NA,NA
A26:A28:A30,0.00238603172581165,NA,NA
E8:W25,0.00111253623765038,NA,NA
L25:L26:V29,0.00146040135655288,NA,NA
L24:L27:G29,-0.000585334290606077,NA,NA
C13:C18,0.000870324607666926,NA,NA
S28:S29:G30,0.0018321236615686,NA,NA
A24:A27:A30,0.00152094608342765,NA,NA
E8,-0.00011935346221862,NA,NA
V26:L27:L28,-0.000417065691821481,NA,NA
S27:L28:G30,-0.00168745129893724,NA,NA
L28:L29:G30,0.000813128659761083,NA,NA
Y4,0.000186647925342913,NA,NA
W6:R8,-0.000594065508233371,NA,NA
L26:V28:L29,0.00130286000981612,NA,NA
C11:V29,0.00113932303784806,NA,NA
D3:W7,0.000907055816365813,NA,NA
R6:W26,-0.00107385362688235,NA,NA
C4:C28,0.00130325761938022,NA,NA
H4:H28,-0.00106948352873119,NA,NA
W4:E27,-0.00078919868893361,NA,NA
C7:C13,0.00042101345715112,NA,NA
C16:R28,-0.000896176339310328,NA,NA
D22:Y24,-0.000962096365068407,NA,NA
M18:F21,0.000824685134348444,NA,NA
C8:Y17,0.00154089460995471,NA,NA
C17:C22,-0.00135481533155362,NA,NA
A27:A29:E30,0.000913544344034748,NA,NA
W8:D21,-0.000822851882357905,NA,NA
Y5:M26,0.00114515514738244,NA,NA
Y4:Y11,0.000682518501397716,NA,NA
D6,4.83984715012414e-05,NA,NA
V24:E25:L27,-0.00118368069555184,NA,NA
Q19,0.000169620501516828,NA,NA
R3:W5,0.000782848478072559,NA,NA
H5:Y23,0.000595284295648896,NA,NA
H20:C30,-0.000407445623492891,NA,NA
H14:H21,0.000735524015623317,NA,NA
Y29:F30,-0.00070610510578498,NA,NA
W13:G28,-0.000638156313312955,NA,NA
A20,3.31498379456581e-05,NA,NA
L25:L26:A29,0.000964025803758604,NA,NA
R26:L28:E29,0.000370351927298571,NA,NA
T29,-0.000164310243496937,NA,NA
W18:L27,0.000927231347769417,NA,NA
C2:C9,0.000537153297433218,NA,NA
V11,-5.22384027655388e-05,NA,NA
W1:L28,-0.000710065571054549,NA,NA
T10:W13,-0.000654022423433843,NA,NA
I29,6.28555115141577e-05,NA,NA
D24:E29:E30,-0.000738618068891032,NA,NA
S28,-7.71039185789087e-05,NA,NA
Y6:M23,-0.000490460934870318,NA,NA
Y8:Y12,0.000691887236675102,NA,NA
D1:W9,0.00101175113737977,NA,NA
Y3:C5,-0.000941989850796056,NA,NA
L21:W28,0.000301789314403938,NA,NA
C10:R12,0.000634439502149853,NA,NA
M28,9.50202256119451e-05,NA,NA
W13:D17,0.000598787798262898,NA,NA
Y12:C14,0.000565851876713184,NA,NA
M15,-8.75516546297042e-05,NA,NA
Q11,-6.18701569142419e-05,NA,NA
G17:W22,0.0004081977584768,NA,NA
L26:E27:K29,0.000501387110260312,NA,NA
W19:D21,-0.000494682099590932,NA,NA
C4:C11,-0.00069242576232518,NA,NA
V15,6.87893876564999e-05,NA,NA
F26:I27,0.000329643567395068,NA,NA
W2,0.000558969124072366,NA,NA
W13:G14,-0.000423189817273098,NA,NA
T14,8.11101753876565e-05,NA,NA
W2:R5,0.000413092193374164,NA,NA
C7:C30,-0.000555852147142598,NA,NA
C20:C27,-0.00085879628132598,NA,NA
W10:G21,0.000463420952286627,NA,NA
S20,-5.47815729100077e-05,NA,NA
W22:D28,-0.00053282693723306,NA,NA
Y4:C6,0.000248444537116544,NA,NA
S21,5.57497647560194e-05,NA,NA
K2:W30,0.000454361529862776,NA,NA
L4:W6,0.000412707241103814,NA,NA
C20:F22,-0.000447354593277151,NA,NA
C7:C29,0.000429550503768752,NA,NA
N19:C26,0.000267288565652311,NA,NA
Q16,5.19669722435485e-05,NA,NA
H10:F17,0.000331828467900358,NA,NA
S26:R27:S30,-0.000424059359199143,NA,NA
W4,-8.96323563530675e-05,NA,NA
C7:C8,-0.000281536385313525,NA,NA
C13:C24,-0.000521768791320723,NA,NA
C19:C27,-0.000424084446118206,NA,NA
D16:W21,0.000163192561916109,NA,NA
E24,2.59633331921669e-05,NA,NA
W25:R28,0.000185501097754209,NA,NA
W6:P28,0.000274026417745872,NA,NA
W16:V18,0.000395569145844831,NA,NA
F8:R23,-8.09091818469318e-05,NA,NA
N11,2.13555241778662e-05,NA,NA
N5,-1.88400199173361e-05,NA,NA
M2:I13,8.77945159999945e-05,NA,NA
C6:C22,0.000156108789155499,NA,NA
C8:C20,-0.000273674136593368,NA,NA
L24:V28:L29,0.000202294480039484,NA,NA
C2,-2.39045253849984e-05,NA,NA
C4:I27,0.000162490854924345,NA,NA
P20,-8.79387634985682e-06,NA,NA
H14:H22,-0.000134713299441236,NA,NA
W18:V20,-7.56903267607623e-05,NA,NA
W22:V26,0.000149535273811034,NA,NA
M25:F28,-0.000142922342448856,NA,NA
N13:W14,9.93453704136516e-05,NA,NA
Y6:M16,0.000111042293807735,NA,NA
D23:W27,-8.71978223582983e-05,NA,NA
R24:L26:E27,-5.01008326969456e-05,NA,NA
W2:E7,1.94265950645822e-05,NA,NA
M9:I21,-5.06247887294054e-05,NA,NA
G24:G29:S30,-6.32371155699909e-05,NA,NA
W22,-4.09619852183651e-06,NA,NA
Q7,-6.95436824963777e-07,NA,NA
W2:E6,-4.9007824759752e-05,NA,NA
A8,4.78532428193727e-07,NA,NA
K,0,NA,NA
P2,0,NA,NA
F3,0,NA,NA
T4,0,NA,NA
L5,0,NA,NA
L6,0,NA,NA
A7,0,NA,NA
L7,0,NA,NA
L8,0,NA,NA
S10,0,NA,NA
G11,0,NA,NA
V12,0,NA,NA
D13,0,NA,NA
A14,0,NA,NA
T15,0,NA,NA
E16,0,NA,NA
D17,0,NA,NA
V18,0,NA,NA
I19,0,NA,NA
G20,0,NA,NA
V20,0,NA,NA
T21,0,NA,NA
V21,0,NA,NA
H23,0,NA,NA
G24,0,NA,NA
Q25,0,NA,NA
G26,0,NA,NA
Q27,0,NA,NA
V30,0,NA,NA
W11:L16,0,NA,NA
H13:Y28,0,NA,NA
W4:K26,0,NA,NA
T13:W17,0,NA,NA
